textID,selected_text
96d74cb729,really precisely Good
eee518ae67,hit a shame
01082688c6,bday happy
33987a8ee5,4w75p like it
726e501993,weee visitors great
261932614e,HATES ON ME
afa11da83f,but could in
e64208b4ef,time last of
37bcad24ca,did you get
24c92644a4,have bummer that
43b390b336,We win I
69d6b5d93e,on twitter Did
5c1e0b61a1,the sad youngest
504e45d9d9,like it socket
ae93ad52a0,timetable and hate
9fce30159a,Miss you
00d5195223,Cramps
33f19050cf,nice yesterday questions
f7718b3c23,great stagnentation with
9ef44428d0,for No Stupid
be634ebeb0,dead to My
3dcf4f7e13,bad AHHH geebus
f0ef04109b,about to go
8be365118e,me are lame
c50bdd4567,cool thats so
334954f215,and hate an
b783916431,another Sunday ScarePoint
1fa8e6ad66,http who com
be38b29042,out humid hot
95701e8ed9,want if on
4dd58ecd2c,ALONE resorted Mickey
cf553cccd5,am to sorry
55c69c2d52,for did ID
9b1a52cc02,go you whered
cce5c4744a,of good film
c7f9d559e2,Happy mumm mothers
3d2478db59,missed really my
6d846d7d50,sorry Friday Im
599f51af6b,out like sorry
87daa62920,never rog 4n
6506dc55ff,at I always
746d87f93e,and I home
ef7ef8e474,again but that
d3d7b13278,tears there happy
ddc07db84e,fun in Hope
67afe60d31,it want good
17d18ba9ef,wonderful is SG
ab57d75f20,sorry know feel
f0acd25d8e,happy Not
cf3b068b03,good for I
d6c34fa875,to the from
614aed9113,and tired Im
dfa577d3c1,Ennio Thanks
10dcbe4dfb,you me get
a0bfb12773,nice You generous
71f4a9b495,I the better
d33ed264b3,got but it
77f88ea9e2,tho time night
fe1deac869,nice a Caladesi
e591a725ef,i know do
2dbb28cc29,not its dang
a7e4ad250a,I Papaya in
7d87899024,Now my suck
461b51fa58,i my love
c31d79c440,a I watching
32ee7ef6c2,looking exciting around
29f805a7d2,myself Terminator by
d41fe360e4,wknd dumbface not
a04c8c8695,Why do update
25e42b2bf2,the i love
5843d17b1d,cute A a
474d10ff48,think broke bad
38e69da3a1,on then I
972dc5787d,very young _LaMont
0ba6aaf9aa,my ignore wrong
7a81537034,AT now cheated
311d2b185b,my hallways breaks
1e46d72ec6,yep playing dubiln
390f169584,go im dont
58129e4130,the Thanks Blockheads
e6c9e5e3ab,February 26th
cb5e709de8,name what today
a14b4ff440,Happy ever best
5d57a5eda2,s you Thank
1e3561e921,1 i out
c2ea5cb58b,Not feeling all
cde0016d6d,hurts 4wp8s and
5fc411e8d1,I know _berland
5ffb19ae8f,Gnight Vega shar
76da985a47,armpit in underwire
3a98aa4762,Happy Mothers Day
886545bbab,Yes am I
2afe118dc3,I call from
704c53f4cf,with the Happy
71fa60d9ff,sweet and excited
c238c4dbb7,hard so Me
dc73e85417,to cant loos
af63915fa9,4 on or
eb2fc4d281,i hope of
f9382a1f7b,time work it
54670ca807,but with my
3ab338c459,great to time
c7c7f7f025,FML a not
1256e6a4d2,of an twitter
990cdeae87,see to I
9a55d83c79,2 yeh me
c8307a482d,scenic there but
0a21b662a4,to want dont
297f7d9e0f,miss his ive
68901906a4,back premiered Story
3112944847,with phone on
8f8334ffa2,is from blockers
322546026e,yay 200 about
e6c154f9be,not bahah sadly
e96d849b35,awesome for i
124e30d941,those kinds happy
fbb5742bbb,wait it confirm
e90acf3c42,did Let but
0b0944285d,than much expected
a11da2d3bf,City with my
161bfc7c8a,of good to
4a65010643,hacked riley my
1b460c82f0,work Sad doesnt
43e91a5488,you it liked
410dd99aa3,sad so be
b3eadfc565,when hilarious was
480894125b,best the absoute
001617fca4,my cried 5t5Xz
52f2f23473,starting near to
e7e27b0c91,Welcome
834dc73c0c,then to the
aeb0e9d730,and you go
c672c9da1d,for on com
cbee1946d3,just yet nice
b1999f0951,I a sunburn
25510fbf89,is nice better
bcb9426abb,I wish weekend
0d29624200,doesnt Rupert Grint
3f0f5891ab,love your books
0b34e66ea3,in jerk a
11de8c0456,Cuase My Lost
d5712716e9,for thank well
3f90f95beb,would funny pretty
c108e09b19,Or leak on
7223fdccc2,ï I ½91
f254748cdb,Mothers Happy Day
256453d14f,cant it Ryans
8fd01857a9,of is awake
37227c0dbf,from the to
20aff2fcb1,yay you naptime
ca223af36e,with Good basketball
90977e9614,love a 15min
433b1ab9ea,for so comfy
37771d1bc1,finally _celeste in
fa99046452,a god thank
14760477ad,tired is dang
da908a6635,hogging shitter i
2053a455e9,I never to
1ea547383b,Happy you to
6634c62acf,Hahaha Alright
c7240790da,the LOL good
08ede23635,to good thanks
4e87dcff0e,what the you
4b0b53bc98,hada me ugh
fd3a622954,DAXA0 to Just
e34af4fd97,LOVE wow and
0e8aa10a4e,you cute a
29148dc95c,love eggs made
56a15cf6ca,its hate sunny
b99969c2fb,http stjdg com
b0f3142cb4,in here i
5ff525b74b,i already worse
4fd80e66e0,twillicitatie agency energize
e77a8f8f2d,fun the bid
4ea7102112,I _chick haha
6a14956779,dont leave cant
7c2fcb712e,where lol to
cdd172d6a7,after glad great
d2a21b3cb7,wldnt missed many
799e17e7a7,nice up the
0a49cdbdf6,the I miss
4a13c1093d,toe being hungry
9407ce6ccc,sighs my him
820f19ca44,that 4get Missed
683bb73c09,my been has
0d14593b11,forward to looking
9ac13b3739,man messed that
16ee71e6df,Sadly life I
f5d47f04f5,up ends not
e131c496a2,better the best
bc6d7b4364,or lost Gilles
c87be630b5,also is GREAT
e4ad1684bb,firewall glad to
f7835156a5,woot
03bb148b87,i miss it
b47c430fda,ly http bit
0234e16010,yay screening wine
be9ed19513,Happy May _paintball
bf7240df91,to back the
2f883c6eb1,St dirty is
a1320a5050,4w67k butte at
d72a60bee8,me to recieve
bc9ebe0002,my hate I
64ddc1f8a2,sick temples my
03f6b8d900,lost you broke
2d475b1b23,depressed 3 n
87473f5175,crying real tears
7a09871d21,a http _Brown
96ec2855e4,Panchitos kiddo burfday
45cf9ba329,from but Back
bab68144cd,THINKING WHAT WERE
fc49e426f5,the are best
a172818c9e,was Best I
036191bb61,wishing veoh love
3ef85c201c,is bummer a
ea348ea738,But is what
fd10f463c9,The http com
e6e02e1be6,Be fabulous you
8112c62d00,baby coming Glad
0f89951346,tesla stupid No
f3ec0395b0,i to just
37ffa83550,you thank ys6K
cb8c730261,good lol a
be33b5cb9a,of time going
4fed31099f,was it good
de288eb45b,frustration what the
7ab82d9fda,THANK YOU Mack
9d8a45d308,depressing this dullful
d25c4179f6,sorry vid lack
6cd35dd82e,I day best
65275b51e2,cant to thiss
9fae9e3145,good then you
e515132ae4,really be Thanks
df3c7485ae,miss yearbooks the
bd8ba2ad7e,you And love
58be40735c,recieving stopped Stoooopid
b5a0a16fd7,me know Hi
044f146e5c,favorite my amazing
a8e17db0cc,Poor _Oyler head
abda0ac082,the is for
b01506af48,you Why sure
53969f2468,I hate my
4df63939ef,3 on failed
f43efa3560,PRETTY PROM JUST
c89e41fc7c,too follow me
b9ec075666,with now read
ca333e378d,off bored feels
5a91b175f6,goodnight
ac00adda49,not Its sick
cf9dc7479a,work me scare
005e2e60d3,need to Now
0b1fad03e9,have I online
2c72a5582a,ME WHAT ABOUT
af0778ed50,to fun be
1e0416ec46,petition just to
1e6f72ea44,i made good
cc930f7aa8,eagerly anticipating twitpics
9c202174a3,canadamigos today coffee
b9a1df7a8a,all in but
7b3132d3cc,gettin trying out
5f80970983,for 2 yay
f008d91039,me Ahhh the
c223721eed,siiiiiickkk Im good
7f8a3308f8,back Just Propellerheads
3f7adda0a4,swords protecting face
6c60cf0bb2,her cry sorry
f77651be05,would migrains wish
aff740a028,lovely day friends
c3f1116734,Suck You Without
4b57011c85,for revising exams
cb4266c560,laughed you i
dcb3bb2912,tired dont I
f61b40624e,__joy feel i
b6d2229b03,too a love
299fda8c5b,hey hey
fbea09d42d,8 best from
1b62e0c672,cry sux feel
2452a0aa6a,lol i delicious
8a821c6d63,for siggy loooved
0f93ebfb23,get again watching
dd655c5aee,Hope great spent
e94ceb6edd,sdk 0 3
61e8b484df,not my and
5be41389ce,to Sad I
bd0f0ebc57,Aslyum laughs patient
772ba56ce6,GREAT to Morning
390f00c85a,in a weird
4a680661d5,of dre congrats
e2505e6219,to on thanks
0d85e6d515,the tonic stopped
086671fad9,you i miss
9c99cd9396,good very and
f35cc8bb35,_MileyCyrus that something
5ba64af2fd,like the I
dbd82ea5bd,hilarious its
8b6c53f38b,love I that
e8cb7f18bd,Happy mothers the
9ea273deaa,lost hat my
cf0d831059,the with did
8f0bafc9dc,your it charm
0888d7dab7,morning some up
04d3c2d056,interior find design
8bbaca6e4b,awesome was for
4a9529e753,of cant to
8be2d4f69f,excited about i
d9c10546e6,dont Ugh feel
90be8eaffb,want phone I
8ba332dbbd,that right a
1086c26e82,cool so http
b357b9e7d2,so 39 Amazing
0050eebd18,for newbies like
426cb788e5,and go for
d30d23e543,tg it just
04a204382a,backe MUFFINS
2bc1a7126b,Hope good Mothers
a2fb29c072,mondayyy lasttt classs
a2bbae6c4c,I join fun
0ce30035ac,I Bellagio just
b3505b0aa7,unfair I too
99fcc18a8d,Sexy cool to
2b6bc6920b,tried a down
d40dd3b17b,miss I sad
5aa8a5280f,knooww iss whangamata
7dd57c2598,jealous it u
0142108215,Thank phaoloo you
f4aba8da1c,be thankful the
9cf9045a3c,feel for bad
1962095a32,rofl like we
9acf7846ab,frustrated the my
e4d58eb70f,to dying i
791b4a40af,next to have
0c415791d1,Change plans tonight
3bd0bff670,for thanks following
c7f27553b8,Well luck good
a717783c80,addressing envolopes kill
5a2add1cd8,these i cant
5999397144,on Undervote just
54a3eab849,making german slice
77b6b38e7e,lol the like
dd6ea8c37a,hurts tummy My
af08dd0be5,Got 2 hours
3cd447856a,slowdowns painful facebook
d7765a3fd6,boo 2 being
509033a1ff,i can so
b09f14d65a,poor last peaky
3160620b36,Mozzer cancelled it
b2e3ebc647,then for waiting
1f9644b008,tweat morning twitter
1fee7a1358,home Charlies at
42d3659c3d,b i maliks
8746563ae3,happy the mothers
01fb29c047,bored the not
065e4c2dba,Britains unfortunately her
d0380dbe70,shopping go to
d0c092c3ee,to cant Sadly
ed92ed183a,tired home im
75d0302de7,Aly album YAY
96c5092f80,fam fun with
ddbc8dba62,like I the
80b61dc4e6,cola old favorite
37897b1693,waste is impt
7a4af13b01,to witty I
000ceaec55,me too
97cd2255be,go off to
bebfd966a0,chtx7e http Thanks
bebcdc05ad,welcome u the
e2ea1af68e,Hey Candis
25c3c99b1a,stereotypical I good
ee27c73f40,love I loves
f90a6f5da0,i sorry am
49e9fe8b96,not my i
b34a3e3d72,JB the on
0a96d05fdf,be u arent
ab3f55a84d,it so love
0437867c21,tired So
80ea9ba96f,breakfast yummy lovely
4914c3c579,have fun Yay
33bb4fcc72,Mamis bringin thank
f0da745521,lucky awesome thats
351d279fba,Oh PowerSquid god
b5237966b8,it no hot
55cec41587,for time is
2cbc372326,well great licenses
8997a62a75,love he I
bce5834e03,I misses my
a9b9f7a878,awesome one Woo
d72edc0bb2,Catherine no internet
2fdd2501d1,advice I it
5fcaa99ec8,Just mj at
3dfd82c60f,dreading worse even
16f31448e1,followers know dont
bab04dc463,2 haappy weeeeks
109b636fa5,against licensing thought
cc29d748cb,It the doesnt
bf4b4c0f0b,whooops well I
64b297c15e,cute cuties the
bc1fbaf4a1,Safe Good tomorrow
f59d8d766f,i my suck
8a1bf14c15,beds With cleaning
acfcaea70b,Bit Down Watership
97e53162ff,dear oh
c0b7788e74,so my running
15c531b290,got lame still
23efa13d7c,day happy com
c44b286776,hehe gutter the
29ed43caca,good x up
6693f9c143,have yet nieces
94e0c7c638,for are great
6114b48cb9,likes to it
32463a2751,are meetings overrated
65ed990460,love the oder
505f50a90d,being died was
481e268403,know I going
5ce968f9be,WILL Nice I
52ad93b3fe,Oh I miss
e892068fd3,laugh day made
226adfd977,was tonight fun
47f11efc72,for I the
d7b1ac80c4,in 45 Just
401cc22f49,on facebook is
583bae2083,to go the
f003be5308,Franco safe Mom
49ce2570e5,Over in http
0693a85163,If fun advisory
4b273cd32a,sad the and
22003c0e96,on teenage _merchant
0fe049b7ea,wait 5000th lucky
3d1184dabd,to a nice
c2392d49e0,one of is
a25ccabf06,internet a no
9b3fcf1668,could better meadowhall
d7746b6b68,can dancers tunage
86c20cf6ee,I can sure
393b22b6c0,work is I
3c03dc0dd0,good aztec i
25e2db9995,can gimi a
d17a3a37e1,and him follow
58f1b52257,i to gooo
32489d483d,and People glitching
00d907ce33,LOVES for Hope
a7f2db128a,it fun concert
d39e6da95c,coats lame in
09fea0f3a7,shortcuts VStudio happy
31eb8ebd2a,to And wait
4dda8fd71a,to Headed going
e4d6a48aa7,Awaiting two from
d0b52412b8,Coco still out
14acfa72dc,Lovely You My
c6d6fbb9a6,Howd go Hello
797f9cddc0,why you spymaster
4c5672e236,in hope I
d35f126ad0,great with the
efdff6dde7,idiot looked even
4dd3339756,left misses back
dd3cd66574,judge LOL game
e83b4e9bf0,Nimoy I jealous
7a27c3a84d,the circus sad
19de569235,at p u
66f1863628,I chocolate want
3690fcb40e,you love 4ja8r
bad6311330,Im now better
75499e3bd1,Fun is had
27d6472b81,cant like My
80995dff29,shall see _by_spork
ca2d9efd4c,_other analogy Excellent
12bb670169,morning Good this
70b4033f03,lmao joking mate
8df42cd45a,GOODNITE DA LUV
82bc030c0d,traffic work bad
9d6473d14d,new Made cool
146257b271,awesome it the
2fbae49319,a in hours
b56108fc36,good hahaha that
ed54440a2e,com i http
c135b2cef2,Couldnt employed am
48c3502151,the but follow
5e6040afd3,Speaking Speaking
3ea60172a0,the to go
96e1deb162,I day not
819626535b,your Glad Looking
fec3cae0c2,from found but
89d9167173,leaving So sad
dd911923ea,no a pity
4f8c391159,but you get
403847cf44,TAKE IN YOUR
dad1d09bfb,you she loves
56f5217a16,happy ness birthday
4a9ef1f9d8,hope I Wow
5a42a51462,my feels a
c5a584d398,a for 1
fee936fdc3,layers just positioned
2813c4cf7e,bread hate left
2246ed3d84,Loves and random
1b1243d0b5,hopefully to the
09042bf466,better than Just
40e3087f9c,to was Wish
ad94e8b662,know saw but
fc0b053a31,cant have I
9f2a0b0b2f,shill a fancast
7516f86838,why I girl
2492330594,morning reservation excited
9aa7d6a58a,Im even not
083e4f782b,of a good
ba5e02305b,sad i with
9f4bb12e13,not being sick
7a01848c2e,this _collins not
ae285917c7,a hope i
5575fdaf3c,tomorrow and with
af3fbd5681,Aww I day
db7211afbf,you cat on
23602f214f,2D LOL a
c3459bc0bb,will she b
f02eed05d0,tonight cry me
ff7126ea72,slow gawww is
567ef8c2ed,wait cool im
d50a4dc3bf,but any update
d6bd94911e,the happy a
23bf2d69d2,day begins the
a6623df1a6,pizza love with
34409c9b8a,nigth you love
6a36ea6690,i ME I
c5ec3e9e37,I enjoying RR
e74d67a818,Esmee U Hey
b09824d000,scared I they
3af70d3bc2,should Twitter know
5e5cb6d0a9,today ittt haha
0db9bf3e1f,Wheelock EpiCentre tourists
4de0e1bb73,my You Best
9a6736745f,i youll homeworks
8d40f9e62d,love twitpic glad
727e51734b,any you tour
db23b82d03,the wrong Over
e03a74beca,not Good I
80b171ef7a,even bummed i
d49d1b7de1,sorry that feeling
4809e143db,now good the
0edb544179,not swinish flu
c50f940f43,1 pretty were
9a27ba671e,you know should
27c4e1f089,direction I in
9965c5a810,Good and some
4f6d52cbd8,Prayers my down
6c0bac4f19,exhausted as meetup
e692bbaf63,to Hope a
365974d586,world morning Good
32db5fc0a5,happy and make
600c58d8b3,have I ummmm
792c269f24,now i u
2c6f1f637b,nordugrid Zs Nagy
c6322a85c2,_Layne movie fav
3aa450d12d,lol the 3
10ad2966fa,for photoshoots Thankfully
96b3a98962,you worry bizarre
b5c13364bb,to failed Sorry
06ae0360a2,I but wants
060db97af7,off to I
67d5b57919,new Awakening happy
a4388148b8,a hahaha u
e43b9a1497,Happy Mothers love
527b27665d,Chilling love i
dbe35b6a0d,never get cant
92c4eadecf,fat fight and
b1cec36547,the best slideshow
1b5dea3fe9,carnage to the
8d8c915ea5,_eat_out
9b46f1ae17,you Thanks good
1c68a5f609,thanks for Calvin
b9a6b682b2,night sorry bad
092c10bd84,z7JIE ly suck
84fd3611d6,I so Thank
9b8052833a,tell people to
f9bdd41842,IT KILL to
13c47e9bc8,got awesome cut
9a1eaacda3,think alone never
8645bcae50,for could sweet
b70c6bf768,doesnt mouse my
f67575d0e9,I in sad
ba93b78cfc,like I good
77c659aa89,Strand to goodnight
303a1773cf,life my i
aa8b44f1b2,hiya for you1
bf95b25f9d,stinks sorry that
b21b048c1d,yet or a
4f7cba2eff,not ach I
31dbbd2bb4,Did only out
a7506a67a4,on good we
b2c81f2c95,being My is
99c5936498,text me send
7315faa6ce,oh mannn tomorroww
132462ca21,it a unfortunately
a7225483b3,love to much
2dfb1e0fe3,You fun I
3a013a37a6,twitter on A
b70639aec0,Josies Poor out
0b5a804a3c,political for but
78ccd0cec0,r i thanks
1c464c8953,Me lost Utter
29da8ca76b,sorry lonely very
9d414d77dd,me Feeling awful
4d05d59122,not im down
5a2393940b,today going to
2fd9eef1f8,your Id send
938c32de3e,for help a
0e3d04ed05,like the southern
9a0fce6d7e,how use twitter
32eb024489,bad feel i
6af90a76e4,love out my
2b68738448,this Try one
af087c9deb,be i not
8823244442,wont butmy I
9bb06e4848,yourz should You
717e76b467,torn _66 I
3b6fdcc518,night going or
f6cb27e38e,be He than
419f3e9ef8,is the boring
f29654c873,Gmorning Hermana Thank
7e46f3f92a,man mums is
43ad351369,worth I risks
853ebd7b47,made run drills
ef60a2d1e7,it Anyways And
983088f2b4,Whatevahh cierra lol
50b353f751,a nice the
c4cad35b0f,deleted The my
9c44566550,all In Whin
32b28d840b,a Hurray ITIN
d576839165,fun better place
86f3b2e352,sore weekend the
ef1eb004ff,you too kind
36bc98037c,5mm addis it
faaf6a6f64,go to worth
69789cff46,sun out Pleeaaasee
586a76af3d,night was good
dfd9f1800b,I man sorry
e0090fba83,watching chat the
d9e1b10a4f,ill of sad
0e5d9cd378,1 hit 2
1a82a50aa9,love to I
57ee48d640,to much Sorry
e0794d1a3e,wondered oh i
2baa1924cd,a not headache
c3261537c6,me bored book
4acd2d7380,on to back
259ab53f07,i them good
c180265483,my often that
1e7956b538,bbs Going to
c8a9799256,hope the is
9fdac069e1,no SIGH i
e27ea173e0,quite
e468a185dc,oh 40 yes
fe626ba958,Ann cried a
995db37ffd,I love 4uyn9
a539826f28,stupid a my
5efc764068,now Woo a
e133dbdc62,really a But
e74af209c6,uncles nice mothers
aca7565010,I Oh feel
cac874449f,sorry still i
bff45fe27f,my Thanks great
60521a571e,my bad homie
3b6a25d97c,for breakfast whats
bcf13877f7,Good everyone morning
c4a8602e0a,acc punya love
4e06f98760,shake it
62aebe35b6,again Raining
0237b6fd87,morning world good
c860b3f840,crazy been great
cfdb8ea6d8,to back br
935a3c2bf5,the Time for
c1e33be64e,different it from
000b3211af,Mothers of Happy
ffa3258a83,both then still
10f2498c35,Failed DIED play
35674461fe,lol great a
4c086d6a58,V have2cut b
d6a8cee69b,and Good day
8e4553e921,go Lets
cbfe82ef26,sick feels really
9fb92f7504,Jandy rawesome Hecks
49ffb6b465,off KANDI 2
ed0ace22bf,today have u
dc346c6f1c,broken only Not
178b3ca782,work stressing out
0e83e0955a,i few same
6d3596cdb3,love too it
696a2abd8a,elses never tools
26d169a9e9,awesome in I
52fd9f56fb,amazing to is
2f7b589c41,alcohol smell like
1620bd719e,No internship more
6e805ea65a,killing thing RIP
08f6036add,the to going
ce4b5fe266,ready 120 Gatlinburg
792c97a352,best friends i
384a8c1c53,It your good
8c08631422,http On com
daed8640af,me tooo
0c79867978,My sad died
fe588dce16,the days then
30b5985a07,boring e i
c3e87ee9c0,20s yeah early
5bbfbb31da,to getting ready
41cf23c2d2,dancing good go
e027169ec6,awful tabard Grinding
6c843b2f56,happy if it
29736d30cc,forward Live Norway
2da7ae1656,awesome
0927b99040,actually home workin
a35cb60975,to the at
7e49648b99,I tired am
b7234b7720,the good hope
5bbef6942a,and tell you
c9e5ca399a,I been MISS
d7607b8133,tinyurl com http
2d5206550f,good a Always
13632b763a,with but you
f841b0e812,nails hours how
09e0880c54,hurts not here
bf2419a824,playing and At
2fac1b845b,mean do you
15fb68bf9f,my bad a
a93afddcdf,it wish would
8ec2997024,your so cool
6559ad2e3e,Wish babe you
a2867122b8,a to get
17deedd7a4,love I year
d27429521a,at modesty now
273aa26c3d,how morning You
c12a98d8f3,so i cant
0a60d11178,are they cute
58b7571313,I impossible is
a25f8983ff,I scared 3
9b172f1737,the still Hate
c016333e85,malfunctioning O oh
63ec4e7de6,Twitter here on
7796395821,sucks freakin yeah
4f2e517832,now to Off
b3b338bcd0,cool picture a
add95c3198,followerzzz I lost
c41d259d60,for thanks I
3099b7261b,for looking people
15892f296d,wishes your with
d12acf4e01,cute Awwww got
dad3160e52,to i long
598603422e,12 miles Only
c3c79502f9,it i sad
02b43cd23c,mothers Happy day
058f39acca,Luckily that I
90af5c843a,hate my I
200f2b3566,doesnt to up
85f882c027,a I cant
5496094dac,for Feeling bad
866582d5a3,just in CAPONES
cb20977501,D3ff good was
ddfc2cc8b3,on mtb in
0de656eac1,up hit my
6be59d11d8,better live much
31d260e718,Theres game of
b22aff92be,my friend there
96cc75e508,happy is November
664d148574,the but in
6872aea3a9,where is home
21d77a32fb,songs and best
5d8cc77f93,me cry to
803e9c0931,should to the
16ca8a5ecc,Mediteranian get cant
038c049e2a,whats wrong
28e1999323,so nice awesome
438a7d203a,and good I
0117a03b6d,laugh HAHHAHAH loudd
cad99e531f,wish i so
4987bf323b,good trying ahi
ba3e84e67f,up Missed to
b2dc59805a,play to out
797aa81fda,Really sick
0ea64bcbe6,my yay be
4e7fb463e0,Thx 17905 Robban
b33c27ad85,death thanks Love
50eb2a08c3,Hope for i
0ee55890a7,fun for go
eb9c11eb52,sucks No my
cf16d0c659,my in cant
f7aa65a988,so goodnight to
b8a3fea60e,McCain bad than
5389177883,_rain see wanna
e59fd12277,For Home FTRH
264f1af9a0,in screwed and
d19724f22f,want baaad food
9d4dfb1f9e,http rp8wx com
e6b380cd3d,no stopped I
993c6eadd2,sure good that
7993d38b85,know night will
42caab438e,seeing shane videos
b5e7df1efe,sad face
017a0bbb36,at but 5
12cfea907c,misses Already
43449f0068,me hope thanks
795556dc39,AWESOME a the
38e8111514,a sucks around
18ee9d146c,daves my hungry
f5e9c0eef2,Good be luck
434e673353,for _durden wishing
8b8932427d,and stress Crying
c5f383c0a0,deflated No feel
103459e206,about cute love
8def10379e,this tired p
74af7e0835,get no pain
bb53ba1a89,that here cant
11c5c7850b,look cute different
455ef3e9b6,LOL thx
d761530c7f,com working http
ed1e06027c,corps there go
47b4e91e39,time to have
0b39781a5a,a Good have
8fbd0b19e6,will be whatever
8429087609,all night Good
7900f25fbc,best the my
312868ebb2,totally you biggest
5f2c04acd4,theme openbox a
55b8e44c02,Toshiba 3gig 1
106aa6d022,I good go
4975dbda48,i all bummed
a3145ba47e,Hey call you
7e19629684,at the out
3495e809b3,SORE should not
a1b67a24aa,are We working
a0b1828b67,lovely morning a
311985067b,the wait rest
c392253b42,just nope to
62f3e63c1a,batteis broken to
2942ed51f6,a Not so
03798acf38,beautiful baby tanapolis
fd1ebb37c3,barely these can
478a005e7c,to a WELCOME
9608ece440,like and a
e6b24b7014,youre a freak
105b761a2c,know now lenaaa
cca7cce9c8,enclosed uli yay
d0b2e14355,Memories
f27f60c847,about worry to
5380d2b0e5,to FAIL back
38148a3e98,to Then or
b29ea1892f,videoblog Make a
7dd51bdec1,Viehl Evermore Lynn
409767144d,what just Now
c627db4613,getting yeeeewww my
9fc2217d38,amazing it xD
d14b33ede0,a good please
e7ed611f06,song http Epic
a61d4c6048,Monins syrup fortified
74b427ffa8,the so fail
c7568067cd,anticipated Mombasa Parikh
8a6cdf6832,me makes cry
f4d1a681af,productive day 1
f81d71d2c2,but in Gone
029a603b00,gotta the love
e6826a5aa5,programmers so like
1e41208494,no alas is
23f4fd4385,blooming Did photographing
aa17c6f797,oxymoron Good from
136b1926c9,Cool Thatd fantastic
6f381bb00f,on itstyleryo com
c0d5be8bd4,Breton But is
e09b90939a,Yes my but
ec835dc0b0,cool day just
eaf90c4253,now hurt my
41a96b7954,enough not I
e5a26fb323,lol woow a
4e5d66beb2,nice love toasty
4c5a7e6ffc,mean hit I
53714350ac,that I forgot
b4401d6b4d,and vinegar lol
05ff657624,welcome I you
dd72ee1430,have hard to
094e0509ad,hear Sorry is
0182dd7de1,can Numpy manipulating
5b70f8bc73,again not as
8c280d0f80,the at just
98c02118e6,hope TODAY you
f4f24160c3,HAHAHHAH like i
80420cfe74,made with fun
5f1811bb3d,morning Happy Good
c7d3ab998a,Writing reports
7abd932d50,a timmy thanks
ed298c6e5d,few nice to
3257bafde1,keeping chilled it
2c150a0703,day beautiful a
2252c58ab0,Fabulous And the
7d933d9d21,you good so
f6400f56e9,sucks that _
4477b985e5,it does yes
66019ddc8f,sankar _datti Thanks
a7cf141043,weekday love and
4b2b16581a,sorry the bout
e1a3e4575d,penilewords in only
719934e5e0,WOOOO Up I
dcba201932,u miss Im
a55208f877,love My psycology
c13f8a6154,the with Happy
e0eeef2f3f,Playing and with
003816f151,the _art awesome
69c36e5f81,to on with
898c63c69f,never the to
b01100d6c6,time coffee
131da67079,cried died He
2a83e56667,screw that a
83b44dda65,we wait Good
b3fa6e5c24,it I hope
03e41eeb4f,it community thanks
83fc759a0b,me follow twitter
ff9722bca7,repairs for better
ebf6233a5b,Choco Yum Weetabix
9e4228219d,me too
25ce9a8b1b,lost sad Im
ed6a316e8a,Thanks though _me
4244aec072,TwitterTakeover you Good
90751fc00f,time to Twitter
c653189d96,back Jack is
9b2b40dda6,i saddddddd help
e4838b68a2,Internet slow did
0ce20ef06e,you am 6
fb030409ab,bad aint those
ae1b11d7ec,my waiting still
8739e2666f,love happy LOL
e9a77e014a,ITS DONE SUMMER
7920a12924,Would have but
8c091fb754,yfrog good gave
d3e52b51b7,for Thanks the
4addb8e422,misses at 8
f18b102ad6,break up my
7720aca199,right fearless You
6115285ce8,thoughts on certain
a7af432585,night time at
28db608c0d,to exciting with
7e45ea194d,thats lost bad
4760319f17,use for only
f3de150883,hate it at
7e82aab535,done the fine
bcc50747b1,just worse had
357483f649,freezing dad my
261a5bbd14,of up not
b03e2a23e5,and Can you
ad37dcf4ff,to forward looking
5cd1ac2c57,2 what great
7f0a146e26,back to Good
3626f85ac4,Mothers Tomorrow Day
cbd04fb4eb,and twitterererers Goodnight
b8f7efe383,is clear lol
d2ca4e1d3c,gonna not I
8eedc5a2ed,my I broke
3b5aecf8d6,Only wrong _banks
a154540c08,pride important is
48801ef73a,flu friend Ugh
91412dffcb,its fun haha
68a9b81741,it better now
458f7b2493,for into back
cf05148ed6,booo that sucks
c963a42282,to my Hates
3d17d4b72c,out rained were
eb79aabf05,working not Is
21d05898d3,oh
e76b1c30bb,i judgements and
2c5f261ff3,heals Jesus
d3935b8571,BillyIdol surprising how
2a35e976ea,werd very true
3d128b58d0,WELL Your Happy
67348350a4,again Without wings
93b5d1bbea,one i glad
ed6bd3958e,in hours Night
45e3f93e9b,Happy 54 Haha
51051cb758,going to work
b84ea78203,to Glad so
441dcaef31,pretty Williams amazzing
b4e721aa1e,or 12 the
a92e8ab2a1,Nothing
31d77e5ff5,in hell that
e887fbdfd5,good my night
78094a1191,miss captain you
a447f480ec,this Im my
e2fdad0321,bad dont Feels
67cafda653,am me cant
356bdefc64,link or back
d6ce1fc670,not been Boring
d613b00386,I the doesnt
507a584ae5,just here am
2418966865,if till ROTF
6247a1db0b,over to go
e48cf1bff4,wont cannot of
6e693017f6,excited stk04 http
2c60e1c7a2,that sowwy weird
b770afa9e6,boring even and
fe7c9215ae,Julian Not was
472c3e2c41,KiokuDB Getting yay
0d7697aa10,helping make Thanks
fe09df7e91,lame sickee i
33eb5a33be,Time to and
bab53b4152,hard my Not
f877442216,I headache lunchfast
311740836a,beautiful glad sat
80aff8d880,in drink then
fe89e929f4,was love i
0f4be91a14,love I my
5225c062f9,you We knew
bd499c0bf7,Tayla Succesfully following
483bb46b97,never williams is
dacb6d78af,Wish it fun
98b6544758,3 Please win
275fa7a3f8,learn hope good
346ce6428b,up I never
086bee572e,Great are growing
22df86426d,you have paid
63dcc7d29f,sprinklers stretching I
f7ac9e16e5,the friends Greatest
59159f2163,worthless have pretty
c7fc03de4d,but or gran
002bb8f1b3,cool of new
d112d2e5bf,relaxing toefl and
c762607c42,v off to
09b5db7af0,food no in
aa51082711,our happy night
d4b544abff,bases left loaded
ea1e41d586,good luck those
ba28fe48b2,already Its over
39e9f0e449,but playing back
209de29f24,Did My test
52aad0e22e,trouble didnt My
21ab400cb3,I for love
e93220b868,I That sucks
57ea442d4d,like rest i
88a120f336,love Happy mom
52fc580b72,discs outa burning
3dc1ed5f06,it with happy
fe2f3f3359,cry itll The
e170fafd8c,x Cool Awesome
b38df0845d,crying To to
cf1739382c,i 8 only
63e434fbf0,happy i the
43d10bd312,that in Yeah
6230b5c435,DAY MOTHERS ITS
c6bc7536ef,good Yay almost
c8caef9df3,finally thanks 1
213eae85e9,Good We religion
dce070190c,Im bored out
8db4aaef4a,the notebook watching
cf95521362,and iXiGO fees
c1dc0dd0f6,cool i well
951e093497,sleep time Finally
5a34a7e52c,best a I
59f6677324,The blew up
9b0db4e33e,failed tried i
c9e8281f8c,finished now remarkably
cac1ba6f5a,i feel is
da8a88b872,yay love i
196e5dec12,overdraft fees reverse
811dc7e401,good a _N9ne
a777619b23,i miss the
8cdaa4f6d8,up came Dammit
6aa5004916,I really hate
ff7949688c,awesome you lol
309706ed4f,night good world
29091877e1,cute com 4vtlm
afa094db6a,runnin app glad
b694518332,buy one to
2d76387d6e,and very chillin
0b3588bf63,Day to love
0d401237c2,to real miss
3922543d77,on but deb
e3082089c9,relaxing have lovely
564c21df63,lost cant I
2c8062a094,the my sad
515793e794,the hit about
c435fb9416,had i miss
c5279762d3,the what to
97eeb0161d,killing miserable about
f0f6fda1f6,adore Thanks I
e8ce4f8bdc,have fun snapp
c881dc16e9,exam for to
89d0aed1ff,tried I think
2ef49da640,better it premiering
7db53ed89f,Home you Chelseas
a2819eaa7a,love clarksons whew
37b50ef2a5,proud GREAT like
4cc7d9995d,im why bored
c0abd616ab,as Im not
32058d2bb5,of hugs Kristen
0144252776,expensive werent it
0c8dd8b628,I cottage hate
c80d7e9b26,isnt working link
102384b03c,to just I
f97b498af4,epic you good
908abc1bd1,more awesome amazing
0187f448b1,off Just stupid
e833f3a85d,My been ruined
f980f61df3,hug smile better
07b57f906c,Darling Wake Up
18ee7c255c,it can aprreciate
f7dc083f08,cowbell love I
6d43a06459,Umm mean dont
44da06d16c,to wanna go
938f7e936c,watching been I
ffd54ac7f7,a just gym
e1c4ad96a0,blaring to Mis
68e6a47c75,gonna to wrong
05f4f3ddc3,sad no Skinnamarinkydinkydink
026d3b6611,what happened you
aa7362d09b,glenn due cant
c10d6fac3d,bad I hate
d554ee2fe0,go im not
8534e70d73,to work Going
a9bc0bc35d,i agree with
4b2b6a59d4,Truetrue not _
80a1ed08bf,I Sad miss
cebe0fc8d3,tastes that conclusion
a1833e30a5,me kill of
f820ad932c,3criminy http com
9e25d010e9,or over whatevs
a3b686ba61,gonna cant tomorrows
5d9b0f4b31,sick it sad
7e69bec42c,sick taking of
422cd4f89f,welcome to life
d78be7b22e,excited MMPR so
95db70d9c2,to early at
f2f05cbdae,I sweet the
ab43c568d8,loooool Youuuure aaass
9b04365a55,I to today
2f136d0402,person who important
dc4fa42628,said what I
1cd62f2da1,a Thank you
170f84ffcf,I Not missed
c8e099fef6,Up only Found
1e1cb8d9a4,dream goodnight let
9d968ef838,you thanks for
ca10e6b390,curls beautiful his
d59c09da6c,good so is
16b8e23839,the forcing lazy
e9dd5ad752,hotness of thanks
a1ac7a0543,can gory a
56395aff30,watching Just last
356c8f7848,5z6n8 http Thanks
8d85d53e36,cant arsed be
320a6e56fc,tight of I
88c2d7f95e,successfully I removing
0740ae9f9b,your than pic
4d7def819d,it next Love
50c0004af6,but the cages
bcbc9b5e75,crisps lol weird
93236f076c,I Thank it
be4b907022,Goodnite my thank
760723a562,Sore I not
f66a3af202,handwriting fun in
6e60ed6d59,this disappointed wont
9c01aa6afd,is to 1
412790a2ed,Merci can a
266d2b648f,crappy how him
4683236241,this cant freezing
3b45abf7b5,heavy sadness hearts
9f8cd8c991,sorry that to
c3a4f9710d,_k_2k get out
1914dd82b2,Just the to
51a31aa9a1,here AM 5
7b9f3f4f39,aww I GBY
88c7658eb5,I ate many
474b02cd39,Good Thanks the
a5cee2035b,Bonfire Tofu At
c7e1468a65,ly yKxms like
5a877ae4b8,Well Happy for
b8a77cd14c,well chatted infact
b2bada7873,as And well
aab1caabf0,love a i
7240ccb4b2,it and Hope
c26aabf505,but the that
4f05a05989,my love should
f4c7e939ef,miss im a
1f2a8f57c9,or if was
9048ec6e22,Loves and of
c8a8b0e791,Internet tired can
3cb4d10927,so cute its
112591001f,day star happy
0b91f39c27,Just it then
bc28048a07,be miss me
9f32a3213d,is already tired
8d548b1783,eye mite in
fc7842b0b4,my me never
3285374ab0,out im dead
d2141d6d47,great Thats
c032793654,it therefor i
8bb73c2ccd,to i wish
0996990dca,for to Cleaning
c635a113c8,bushed some thanks
88a4261005,making icons still
11b14ae498,gonna night you
12005b65fc,Waiting for on
dbabff5048,the clouds through
0415387eb8,wrong taken mess
d26016300e,truly a amazing
e150ad9d31,i very nice
5c0e819f2b,a there Thanks
462978616d,but pic for
75dc8a3ff6,i right you
a9a725abfa,be wait help
ef1debc105,together
5c2ae1e5f0,com another pic
b820cb8056,Happy Day Mothers
dc6dae7f3b,not 4vw9a But
3d0c74e523,yay friends my
0de2a265ef,adieu bellss bless
86ae985c48,like lol fun
cc3b05f756,great watching dor
5524acce17,Shivshankar not most
b33e54d9c8,this not weather
f288113937,my not much
1137d77ecc,You are a
496abe9ad9,hate wonder no
5b204b5429,good practice a
c0414a6961,HAPPY THE stezd
65bef2f8c9,sorry hear to
65e715d6e5,I expensive have
4b34697ec5,sad is gave
36c50ba510,present mother gave
cea5b3f191,to so Best
aa221b6a7d,followers hey what
ffcd5cb36e,universal alignment 33
cb8ff954c0,arosh a like
af9a810c77,so hate bored
d98aa88591,Vegas Trump in
a7977acf38,in yes _jimski
5a9faa4da8,like i ilooked
1b8c3ffa29,com for wxnt9
aa1a163174,do Will
a4bb5d0c5c,to best you
24e58e264b,WORK DOESNT THE
01f2c9bae6,out day hopefully
e02cb0c9a8,al i seriously
3f8df1fed3,2 Up late
4b8092674a,see I love
ef7149efd3,im nooooo idiot
c00890fdfc,you good i
e3592de395,loling on Dolly
ad970e1d3f,wrong cannot is
098f6ce321,I a know
2cd5a21fbc,out blessings to
fcc4f3baa5,it Ill miss
b86fe0c61a,Wont MiniC Reggie
ea1b1fd1bb,com http time
ec00ec25c7,and morphine bad
17d1fdde01,cant already my
91de6a547d,dinner pretty funny
6e8fb1ede7,Ace whooped Bradbury
fd9f6c3e21,sucks back That
c3892f8e77,last night back
639aeb628f,like not chaayaa
ef465b57eb,awesome sounds
e0ead16a3d,a I 6
b09213d54b,will i to
79256fbe62,Still no Internet
5813e09e81,happening sux i
50d03d593e,masterchef recruits gahhhh
6816923abd,bad to was
2524332d66,for concerned Im
1900a6978a,i Idk cant
e8d9d9671b,to in now
c69ccdfa56,in very Thanks
3c6723fa1b,you get how
85e2495324,missed I sad
16b52fbd17,slaving the jealous
755bcfd6a2,so bored get
fdc09f2f0b,responsibly you or
1643564ce1,bad was wont
b4b9d74b06,to tho a
b593189c2d,mixtape in dev4xh
7a83b8c7e2,good I luck
66762b14cd,I these it
7d59117a75,your offers good
a769b2340c,I want over
4d31092a19,got totally not
fc4660a609,I snappys love
74450e128f,i cant it
337ebe2747,today happy was
9db7e301b9,haha be awesome
7013b54ea6,4ish some off
990c3cf35f,too rigging sick
10c5d92ceb,the to Have
b8293bb838,her Fail to
cb8cb99053,you How are
a22d319e5f,my Jasper favorite
4d3de34efa,right of favorite
8e092e15ed,good its right
356fce670b,wish tied for
1ad6adf2ab,your right was
53dbbbdf7d,_ember thanks i
5534df9445,the Jenna amazing
ea390d1f7b,hungry is Gutted
7880cbca66,you Darn thought
58aa2e3401,boobage without already
d65a8658b0,great got its
3e99f423ba,poor just head
d1b38c33f4,schizophrenic etherreal preoccupation
0345e7e526,never Im dohh
53eacec2ef,a sick is
ad2d036578,IHOP Mayne a
9e5e8ab6a4,I miss today
47126dd509,my 2 down
e9ef9a00e9,too to Me
3da51fc31b,as Inorite humid
ddc89d5956,home a with
499f7fe7dc,hurts stomach my
1f35cb2e27,good the great
23ea783065,really wish could
dbae8ffc58,Darrin know I
46e5a5f63b,i cant
b9d896f209,but Yes for
25080c4bad,happy really actually
760b2e5dfe,to frizz a
580f2c99e1,and good Okay
e243bee98c,i our love
12b499b4ca,the at first
95410148bf,funny zilch love
3acd68b4cb,appreciated Thank Vaneta
f3933c4b73,hug bitter why
245e5f25e2,GOOD for see
70740addc0,home and com
29d1ec5e7e,too it easy
78a3ef0435,new a Quite
f71ed6b273,should great too
abc7f39d90,having already late
b145670ac9,ugh Seriously in
a193f3b9e1,dead off is
cccb3d7081,will do
07ae045cbe,that misses sometimes
a5640db7a7,Sorry missed i
cc1a219c1c,all doesnt my
1eac051f9c,w has been
31f2861133,for Squabbling great
8e65e54144,do Yes yes
61ee532258,your Thank a
52020ad422,Exam is commmmmiinnnnnggggggg
7bbc5a2473,off work back
dd2a769f04,and fan too
b4ebfb22c6,to hey have
51bdb4d865,tierd Feeling work
f948e704f4,products love warm
87fa9ce0c5,oh no it
f734459c4c,i youll hope
5e14887b13,get thank to
85eb03d6b8,Thank NITIN YOu
7909fa421f,w sadly not
36631a41d0,that it cant
8f11bf53a2,com guitar http
7e21d8a7ab,like fail dont
2f00504c96,Making Just breakfast
bc14c389af,http twitpic pretty
dae7a3eeb1,breastfeeding no Ugh
9b7811b2e0,some love I
06b8d9e26c,welcome
bcd7910701,cant I sick
7c229b34c1,unfortunately no me
f26105a320,get ugly Not
0a5e7d6cb1,what know I
b34a3fd669,cookies good are
05810a7cdd,Hynde Joplin Happy
8531be3694,good a funny
70187852a7,all superfly the
31d03bff54,fabulous up And
2938f51a3a,to like dont
a153babf33,so not Franchise
4baf1c6930,any yummy free
d409e4ce46,my break cant
dbc696a3ef,Week watching is
237b093176,unfortunately the I
2b8b0a7d10,again twubbing Is
a8a1e94417,I heck man
c99820b355,a cant k
4841c38e53,a it got
bd3b30d13c,happy http mothers
8c03f75944,NOW HERE LOL
570a5c063b,you _alfradique hopefully
383aa5ec8b,to 1 for
038a99e313,chels love to
8862c02132,cant so an
d83606a58a,good lol now
9412b17d47,good want something
db76d74945,at a love
f873960a48,cant get find
aaf69acf6f,groggily just to
361b6281a6,I It dead
1fb696a58c,10000 Thanks on
51f56d7464,to play sick
1b673ea212,be not that
ffe02fe3f5,herd dinna not
8255b23e72,not is she
e108bb4fa1,it is morning
9599acaca6,I know to
3bd6b2df8c,around Glad was
c281b14817,at on finals
93eb6effbb,know have to
30abfb5b07,PS I Wish
419862456e,hate from this
5c8a453297,Can My hurts
2bbe1f652e,goodmorning everyone
0eb1ab3558,I you out
baf2ccb1cc,last night a
259a4c12db,and mothers happy
b56c29ed7d,miss I one
f1f8d50eff,sick being for
f61ae5403a,still can I
97fd42d38b,my I miss
72624c934f,your abusing love
20967289f5,helped good go
bd5f768159,clean excited i
9b1060a30e,I the hope
704dfebd66,did the Why
1177c602c8,and a Rochester
92866f7b8c,you Thank
13d0b4314e,in added is
892b8a0cf8,so r we
5d8102cab8,a head my
3fcdacf90f,through Well getting
17d1a66db4,No hard kickboxing
4d22612bb6,the alone all
3cd2b0d233,michou right wishing
da72cfc9cc,dead Poor Josh
fd57cd4c4e,when love was
0a57a17968,Coney a sunburn
a9e176a76e,hey the get
41ff25c568,yfrog 6p190aj sad
064b2cc709,pff sometimes sucks
00b7a60703,a I Wish
6896f19343,bye now for
cce4a3ca50,your How chicken
c9d4cf96af,I me shortchanged
733ac52be6,Happy the Day
cf1a0bb3c2,Nope a then
8b1ef2334e,tubes thanks sexy
d31c27398f,early morning to
9f42f42b4f,amazing to album
98cfd1162e,bummer a thats
00c8cfed18,dont wanna to
bbe85e3495,the ia2009 missin
0cc4081476,ashleyyyy lol haha
c45f5fb9e6,to morning good
7e5457bddf,yay WORKK
d138ab0b3a,It Doesnt the
6ade83d96d,my already I
fbbeb51073,you Soulmate thank
74b57c43cc,bad me The
f7638c4126,a Thx w
562c683a44,I _za thanks
1f403981ef,can me my
9358a6253c,I started packing
628bab2c42,and album hope
d934e438cc,with but and
548b9da461,love morning of
e0f9a074cf,Startrek better than
5fb992345d,up in fun
590ede849e,BNP Sorry dont
b78e0c4c19,you Thank your
02073f1c62,and dirty my
112da4faa0,there at see
1d3c1b4821,now watching someplease
70d05bf740,bed in borin
816bbfcd52,HAPPY MOTHERS 2
40760ea4e8,for looking easier
d6738c3768,Excellent point
e0d893b360,and my brilliant
e344ef4cf6,actually truth the
84f961fdb2,enjoy bit Good
c002c2eddd,good Fine One
7369cf2fc5,only for Concord
543a06c64b,OMG shoulder sore
1047b78606,Love welcome kiddo
62dd5efb10,to gmornin off
4652d96d01,now goin bed
1f9019bba5,wacko loves you
e8a7f5e1a3,excited I as
2f2721c6fe,He I A
9c52e5ba66,_xotashhh I love
d72748e39c,never miss i
bb96cfef66,my the thanks
14c6d8edd1,u on heyy
44c3407b4d,theres see stars
6f15fcf64e,tired work sick
5a4ebbbdba,back to bed
6ee991d0cd,trouble Im having
9932b9c033,stand couldnt feel
8ba9d3448f,you friend to
f6f7382036,66l83 I miss
a93501213c,happy sunday all
703a5708f6,cofee enjoy allright
683149f529,care well will
9a00c7fd06,nice Awww very
9a1177c3fb,slaving work at
226dcfa96d,to dont forget
e4364d95c3,a just got
b14b4d5209,do love is
f04b0ca7f2,2 have i
44c7e944b9,working not i
fb6110efb9,not even Raaaaaaaaaaagh
61c907173c,There you go
2334ad25e6,good retching not
c2484278c9,miss Kwento 120mm
e39cb0ca13,lol got less
5f54c3d4cb,work stuck The
62e1413e85,that ME always
d7b287d1e7,people where night
67ff57361c,Working interest Shoots
762a44afb6,Mrs Bates left
1a38bc0602,and ugh Hates
a0c3ef4a01,He funny hahahah
de2a14a465,of day Last
94488794d4,To Hi Say
12b631ca7b,haha a thank
95dfefd4e7,2 wait Well
e637c11dca,mad hungry Forgot
3775d15b1d,you great guys
7f62c60ffe,http com u
a5abb95859,Happy Pierre Bouvier
e32bcc9304,http com skipall
f4e8990f70,BUMMER are sadly
2f9f6f89cd,me to OfficialShew
a86d48a430,for next Heaos
1e2e4371a9,stupid hate arrgh
dd3dbdf77e,Fussy Ms hi
8d4c510735,hope a day
4ea8274298,s with at
b521edea57,a like great
a74b7578a5,wrong message krw9p3
173738ce2a,those of one
674bb5ca74,for Tweet Expat
6e424d5ccf,Im never and
d4305524e2,Weird my being
e71ac19463,nobody me a
ab464f70e6,it wish would
d546f8c422,Hes good Amazing
bab26fdc24,pansy wtf codeh
4f0c1d97c4,upload have trouble
24a7c7e988,where i know
b7b0f4fb71,from back Just
6957e5f1bf,come How
ee87e14bee,and you i
0f9b915617,Sunburn ouch
f3afed1887,http 053agj Fun
51d74124da,its good tomorrow
bcd831b113,really be wish
f39c65d9ef,omg hahaha i
1a9933a4fe,LOVE HAPPY YOU
c4453ff2b8,for Thanks the
a3f0f32135,dampers in Arrrr
f433396b44,too wish u
6388c670c6,loss _Hodges Their
bc3032341b,sad im me
b7c1a22a62,some know send
ca66e5e4b6,scanton _in_love cute
be16255b41,Please Wake Up
8fa75341d4,good But for
d147a9feb1,I dont know
afc17894d4,im sorry
03b569041c,too here rained
ea5c577cb7,mcast disappointed to
9891da8fff,isnt fair me
5f42a2d026,no way a
d3a576d221,you dahling time
eea9145f1b,horrible No read
49ec0f5742,awesome luv for
7b65e54ea9,amazing way with
80832ca578,I you Glad
be226efbd2,to just on
0b581d3f9f,tonight Headed back
1973abbb06,morning up early
7c6b2e810a,or making Writing
ab07a3fe36,hands hurt My
b8d1e767b2,feel When dont
efba862a1b,He I he
d109999477,can play I
cf64d19714,love cool you
cc153c2a35,shirt new ordered
c5556624b0,but love pretty
f46d274a8b,heard of die
910a250227,as my hope
ab52225ed8,the i hate
f40d533a23,all got As
c336250f8f,i did want
f23c1c4255,happy not
896289196c,I a believe
02624773ca,Shawn I can
31a107dbcf,on school But
eabaf375f4,viewed x milling
51313cb3fd,listening Guitar watching
42ebd9099d,I a have
6ac3031bc9,hate have cold
666f836b32,get see but
6e41749ac7,tried wont i
98f836e4b6,so I depressed
88b6d952b6,about im sad
f6d56869b1,me mardy exciting
58272bcdb4,Nanny misses
5ded2a1364,later you _Allison
6612e42b28,Kyle is wee
c10ae302bc,exp exxagerated a
980578403b,pea plants
de0673a07d,castles are fun
dc0f5bca14,At for anthonys
787df2fd0f,day cute one
36f885a911,I long anywhere
acf54fad30,but that going
8b0054a807,she infection Poor
4bc7d627ad,for Yes have
6bdd5e9d7e,to go the
af706b4c58,can Dhellohannah5 i
4987043fd4,feelin awful my
e7f2b44a1f,forgot I my
cc53e85d21,Proud loves Carpenters
9508bfc99f,idkk to sick
3ba9e80d1d,Off to I
300c739684,you potuguese cute
e056f0a268,Hey just shot
a050668b78,thanks in the
887e90ff88,sorry zach ew
047abbd04e,just know I
b6d5af9406,twitpic 4jber hate
fd34ad6207,2 round
278c0dceeb,hate groundedd i
b6f66e0621,on but The
1853fae31c,me Tis SharonP
87c799a397,my miss em
4bc4d97503,i left shouldnt
d11816c1c7,SArmy with fun
0fe8023456,a beaver like
a9b19af9ee,Day LOVED To
6d65d9dc54,http I com
5f91766356,aww me too
62c9a90f1d,tea a of
2d5b920414,wait the to
b96b9ecc3c,4 cool great
a0e8168015,Going to twitter
4f9ee6208c,I hi _city
e5339e66dc,for love enjoy
7811012154,Not work couldnt
2d361cdd4d,I have u
eeb047e369,the back home
f7378bc34c,hurts cant My
d682402e60,but dreeaamy Yup
2983528f77,_amr here haha
4bb00e884a,day CANT depressed
4e4e9c3802,to motivates me
fc6128f4e5,a ï i
bed26c1d7f,u BUCK love
b6262b919a,up not much
61eae11e5e,remembrd haha amusing
536116702e,pretty z3aZv good
1ee5496252,bronx i 2
baeb21b26f,these Not me
d8f4aefacc,of SFTW tea
1f7717fc7a,thanks the do
70932f6376,YOU BEAUTIFUL ELEGANT
eba3cee9be,Thank hope _Brown
a5e47d75c0,I but see
10b36df3e0,unfortunately didnt That
c027e514d7,morning Early at
3dbb8c1489,perfect I think
b8c518e02d,bulk Good for
eeff416e05,what know to
a267dfc19a,know what the
3d1d381278,worse a fever
8d36ad290b,of Case The
bf6727bf27,happening at not
3864a39777,reconnecting and with
e84aa8b193,Sad thought Headed
defc8b34af,too I good
4e43ad756c,the doesnt it
0f22984306,and friends thanx
ee9eaed59b,ready eating is
6dc625db0d,love my pming
671f6900a9,on com http
0e0424c9bd,no alone and
e6c2edcb0b,mellys fun back
9b210c4a6f,IM YAY Haha
4d461bba2e,great I guess
b733d36b6e,know been I
68c674acdb,sucks sick cant
6cadda7b98,my amazing and
79a28b1ac7,LoveYouJonesy for early
92d94fa045,Its for allright
05a1b09ce9,is will best
e6b01d5777,My OH cant
2c4b87059b,waaaa for I
8c5e613c41,in read but
6c31bc1182,why hopefully excited
5f4e052208,a then Unicorn
8485d5828e,me contracts cataracts
3735770b07,internet its not
4c395ff61b,to xxxxxx sad
cb673d84af,T0G0 BAD UGH
4ad37ac5b7,HOORAYY yall graveyard
929b5c888c,my whiiite wont
fa959f2dd3,unfortunately have not
78d89e7c64,updates store the
127ee02f19,bad a was
f6c69d962e,the LOVE their
4a653d8227,the moms congratulations
35eb97a484,labeled copycats better
55441697a6,before wedding is
49a1fc4061,my welcome to
2e49927901,mothers Deniseee Happy
f85c7e5ead,When I fail
6033018ee4,notification weird has
0c35e093bd,Story 3 YAYAYYAYAYAY
7069dd2486,all hard its
7a78bcf308,stuck in u
894e948ead,you worry food
fa89412e2a,free hotel ROCKS
12b2075369,nice its for
0d77390e74,Kudos you great
8f3fc77f66,later goodnight interruption
df0f568747,And miss i
67a5d0a19c,the proud new
0435d42f80,ME MAD LEAPORD
1e633e1874,Follow in the
81950f02a4,AMAZING recomend I
0b8b37ba52,exactly for moped
aeb0593edf,bum a im
e09f5b6b95,to the store
f60dbc9737,wish was glad
e0e9cb3902,out listening is
3ec9a1578c,Spilled my in
349251e2a4,withdrew didnt the
07c4438a0a,first just but
441e2a5a82,the LOVE from
09140327f6,awkward awesome embarassing
2fadf73014,her weird I
ef5ba215b6,a sound haters
440e8fc447,you good so
7eb1620dec,Shop S smart
bdc7de6846,Hirigana yes what
d2565af489,is sweet good
4ed4f2fce6,it miss time
ecc58c9428,with off aikido
915ce84b4b,Too cant bad
4d194d770c,3 Hating Me
eed1736183,god I hard
13ca815d01,to mi sausage
48a90031bd,in work just
1c14b45cee,you heaven to
242de9277c,Good are my
b287d39fb3,so are hope
0986073590,my lost Mania
081ac56240,out is DLP
095410237d,AMAZING Star good
3cf6817f75,we miss in
edd38781e4,seriously lonely Its
d664f99182,forgot coworkers I
e8ddfa3959,to http fun
502aa24ca7,Said then in
3861b033fb,the off Watching
86a28f67e9,Cole you Better
83c92f835b,missing the jonasnewsongs
8d138ab15b,yeah and aug
9e8665abc5,I should in
d4623c0bd6,worries no
75ca238abe,to sad miss
ec8507eef4,Thanks 5 3
65c1831198,now I love
dcb745bcf2,early to a
cb1a68137c,I And hope
a4d578eeb1,boo 1401 p
64cf7657b9,just out got
650fcedd22,hes back in
0e0b4a2960,IE8 better would
106a999786,Vanessas a me
6c18eab109,cant I change
d792349406,thing poor lookd
dbdbe24969,with FINALLY omgoodness
5a3c9bf459,and but need
f61861742c,and happy squeaky
2a69a25949,Me Shea Fisher
8d02587ab0,some the inviataion
6940969fb4,been and suck
06aaa8e680,was miss a
f4052e9331,http i why
35f539ffa8,crying dead just
736f2bd7b6,morgannnn jumbo Adams
35e15c616c,the Whats matter
4104064854,a 4hap4 on
d5c25dbc63,need see to
34b7f333cb,a happy everyone
bdf9453e5e,Hey funny a
6c409292ce,on JT tonight
ee89b16825,ly perfect bit
9f0147e874,to is going
1962233e5d,It I sad
f2d120c26e,Missing than tonight
10c841e57b,got add if
5aa568e0a4,shortie groovy time
2c9aebcb01,all tomorrow weekend
101a8b583a,Come Good I
e01eb1cf88,nice tonight Just
7017d6c8cf,a of BEAUTIFUL
4793312f15,on out this
ed539778c1,the wont bad
198854f289,have her cannot
d1aa96a414,love hippie 1960s
92fe747a96,good day to
02077519e6,same at my
784fbab498,_ Hindu Mick
a3dff88c1d,sad It to
1977ce206b,them better than
21c6854561,it bad stuck
eb9b4d2431,D love vit
0b3b751482,zi thanks g
932af12853,Hey Lets awesome
aacd4d0c3f,fine loving can
ee35fcd036,for go som
44daf50a02,my content writing
7623079330,wonderful too hope
e64b0cc77d,out yeah is
780ee451f1,great a best
59ee5ff2f9,not still hard
001e4be1ab,a to baixa
363460c8f4,but to Just
5be8565b8d,i it sad
ecaa478ef4,same try going
acdbccaeeb,Is showing my
fc28b797bb,for out to
5a8f396cb2,nice HK for
06a6314076,sucks my oh
82ea51ab18,wanna my feel
895cec1c48,fun I eyezaddiction
8fb50df8d2,great feeling so
37fa199c50,cant get I
121b9c13c2,the good to
451880b8a6,Love I be
c08a90abbd,love Which by
23dad0b69f,Im seriously screwed
470f2669c4,being a is
53aae02026,to Twitter new
ec946f285d,tired and to
0b25a31b7e,is surfin
d2a3207aae,I Cant too
5dbb7ae2a3,i a hoorayyy
151779dfad,exagerrated is bad
c4393e4cba,great awesome ur
88051e4bea,for great hugs
845495ffac,happy know and
241afcd4ec,today portraits FAB
eb85ce805d,to Welcome You
a04227ef4e,a Missing my
98c11bdba8,too hot i
11634e3bf7,of got a
944cb46d62,http i com
c9dfbf4275,Konami know I
1c2a41d71e,work at tonight
c5d1af4ed5,the exams Ace
8c582b0575,burnt my sunblock
db331541b6,name is but
82c72d7fd0,my fail away
ade8ce79b8,wouldnt upset lied
80d96cab37,r reinforce haha
2a054d9205,is yeah know
2f8250d0df,a impossible im
0c83190ad8,sir perfect hehe
7ebaf21cf7,with my out
cabf8f9dea,AM too Not
706a860942,_tron oh god
5de3c34293,only a arabic
327f378bd9,I do know
9d187014d5,soooo Good morning
e4f5ac16a7,I can _n
7120ebfa1b,there be wanna
1b64ea8f30,that I cant
954f523ded,yesterday atmosphere good
ed4b3d03eb,my antibiotics feel
87187923db,grrrr a not
bd13675621,adventure Nomore time
e389e41385,attacks happy OCD
88375a5f3e,Lauras miss I
7257f9b2b0,N croissant lovely
d80d99b28c,the a swollen
f6d3caf9ed,twill All time
a00246028f,why LAZZZZZZZZZZZZZZZY yet
57f432f582,and Yummy with
14193ff01c,like MikeFrizzi 5
07a8205fee,well be I
11e23ea0ed,can u me
9198679ac1,stupid wireless
348804d270,fuses typical a
dd7a9fb210,in die up
839095ea38,66nbd com Ready
fb10c20429,from playing Virtua
f52e7e5a88,Im 10 sorry
db4a79059a,bad 6 dooope
9114d80bac,and time it
7674cfa90a,up not am
7dc87b5fc5,mpix thanks great
6328fd1b81,to lovely some
0473875c4a,sad the to
3709c4e1be,great day interesting
962ca0488f,not her gonna
846d43bc8f,Musem of FAIL
aa6e04fee2,KNOW a twibes
b84d47c65f,amazing Thanks guys
646d1df036,Night Good _Freya
b00763f904,this doesnt away
da60c4db48,enjoyed your much
ebecd8135f,yeahh
5b584d38ff,Yeah till 4
eaf8a522e9,bummer do to
4e38efebc2,sorry roommates my
3195d34e5b,about the Good
8d2be5bfc8,on my Yeah
6788d6c565,n Cowell love
fd7434a0e9,for her with
3e3496c6d4,the meadows amazing
81defce8a3,page http on
62ed3d6141,shamefully I loved
1219ed4a21,LOVE THAT YOU
9c90694664,favorite to my
c35b8dbb8a,excited to you
b39dbc6ee5,SO Thanks Its
3df0f721e1,Thanks I for
e9c8585ad1,doesnt Im I
2c9d5de236,Happy Day Mothers
f3912c1463,awesome Johnson Sheriffs
fc5aa0f34f,thanks the so
ce71d002ec,day nice mommyyy
dab7f56791,happy u brah
4c1733246f,maybe but then
cc1f8918df,in is history
76f0861133,happy awesome hope
074b2d89dd,one guest if
398d591255,would cool haha
f8d8ebaf8d,i musics finally
a267c3e874,course dinner at
c6e5884baa,like Alki Nice
b1ddb9811e,not I em
e30721df0d,I the hope
ac4a84a76c,miss and we
959c593450,I afraid of
f20074e0d0,thanks for on
259b075523,OUCH my sucks
19365e33a0,july
78b24a76c4,denomination blocked everythings
00276ae6b1,66riq http com
3592e3ebc9,luck your Good
79c57e46eb,I sorry off
54eba9eb73,awesome lunch like
e17302312e,miss I n
360af83c85,of Good Top
4331a46aba,wet hot its
10502f22bf,it sad To
6d7cbd206f,i love you
5be9ccda69,Gonna Im Cry
0dc0eb905d,Not I thing
a29a76a54c,sad to i
63491134ab,but step a
4fb2131d08,aww so we
2cec07986b,and HCC will
5e84445c6a,to not suck
fd5eece5b2,like relaxing lady
7b88197891,my hmph crashes
3ba8596881,my Im angry
ee6febbfb4,G At just
fff97388cf,for thanks the
e54c45018b,Star Enjoyed please
2a2c1635c8,SAD oh partaaay
ca929837eb,cant darn is
046af350ac,want hypocrite there
19f108c62c,Hey off in
7a897c9999,others should com
1aba7766ca,I ever credit
575e4a89fe,you tts sweet
7e8212f5f2,to sorry that
8800a2d912,Good mom glad
e05fd863d4,You Lester now
09a5b9b958,for year this
32b129dc3f,all Moms Happy
b4031d0753,Yay me in
e7a0f7ac99,watch same but
a9da40eedd,final nice you
3c9419868b,on did i
0d45e4e926,a sumo like
b667160840,post then it
587cf8a61e,it my is
89ac21e1f6,i boring being
6769efef8a,wontt watching the
b1f6fb88d4,my with in
34a862a739,Mortal Combat loving
5da03690bc,for But dinner
bc7b967aea,depressed ugh Now
9be622ea54,awful My spellingis
faee4563bd,congrats and finally
02baa25e55,stopped no Oh
e162b84433,off I a
156816e845,for yum dinner
c13b15d9d1,cant screw you
204d6510c6,hate i at
fbd510ea84,dont understand beat
2793cbbfab,Haha inspirational Inspired
490734b764,Happy Mothers to
b106a248a9,sucks It on
9f9a4e2bb2,loc in but
6e2c555beb,a awesome up
838c1184b4,my Pissed headsets
b04dcbb3be,me watching too
71c6b00c21,is ayy perfect
81de3c6143,wonderful day from
bfb0644d9e,Was love I
f02bdad05e,not is confused
f57f3b6265,can annoying be
16a66e0b8c,nite you I
84c5b0a3f6,justified Namaste in
83e576fd29,I miss to
9946895c91,Great idea
49ec855925,song but that
ee51d32074,a great thriller
ab5b510355,Dennys have shut
d64eec0d6c,mothers happy responded
75b30e5358,I in a
514b972ba8,even didnt my
bd90c840ea,DIDDDD I AGAIN
3ee7e1cbb0,rock it good
e5599343e7,has toast awesome
0b20eef5b1,to some good
790af846a5,have a doesnt
f6e3a6dd55,I _Claire 4
abc1500c46,your from fun
9d6fc9c77a,a sad no
73e548424b,the missed I
316d5aeaf6,exciting Casually our
7907132523,In with 2
43ee9d3c82,too Me
a584ebd602,it _queen like
3d4b0a81a6,list the on
b303da170c,be die am
9f7da3aa4a,u missed last
e22beff480,Working this Nooooo
a6a3368db8,imo win with
389fc0d397,shift dog oc
1bed6bec2a,twib the Finally
1ca1423c00,then getting ready
778c5660f8,great skit Lover
9dfd003f1e,not everyday i
f61d7dbd8b,each weve special
f5d5f1fd33,wrong thought burnt
6be041409c,on perry vid
4c79259b5e,I not be
9cd32dbec4,to cant and
675ce92149,cant broken it
1d84094014,SjNAx If know
dc9685bc8a,my not work
b7e17b2bde,was burguer mega
903cce2dcd,Whoooooo see if
1c1077af54,bored lethargic tired
c625cee17b,a to never
6c82821920,to go the
ced1083324,make did hey
1d428212cb,bored and hate
a4ee41dc64,a iron jagged
12da846f8e,Shopping
4f1a7d1d2c,couldnt recover they
d901264a08,rearry rip Youd
61ce1c40e5,interesting was Well
8dd7e34100,you too love
6475c6d26d,thank _andersen glad
b681aef9aa,cant cry wonderland
5423cf0811,scammed some tickets
ace8edef1d,Im the sick
8b3811c819,some myself fine
e9174e5bb2,to MISSING LIFESTORY
0b6444627a,my i awesome
960ade8bfd,miss i using
a8bf8239bd,could if get
33680fc87e,being a geek
e0264b2a5f,miss you I
25ce655a84,a thats good
25f1991c36,unhappy I unhappiness
84fcf21a64,is to I
7de5a7e4cc,for econ this
389a3e653c,great reflect to
4c0329867c,hope more I
20a5175d49,LR I Is
2785576a5b,sick I fell
b7299d0e70,lol a I
e035aa9fe3,Yay the on
5eb31e181d,Have Nice fun
1281b062a4,can u a
54aa9ae3a8,better this Sleep
1d18c624f2,i today know
9fbf0d59cc,rain lafff I
f2a92aa5ff,sexiest so love
0d737380e2,grrrrrrrrrrrrrr barely any
592b350f6f,com Rocksteady http
4363c63d9c,I u cool
533a5604dc,fun to convention
437f792822,all blame I
de168e6328,with Saved And
d60072b03a,is bored Man
8986091fd3,mothers happy wishes
3b743ded7e,I are love
79e7a9ed8e,night did the
dabac40552,EXCITED SUPER 6
b0cae38eb0,haha good off
96e77388b8,neither But Me
3e9ba7f25b,good awesome fireflight
4fb0995de8,And have I
e711c03c57,not sure this
52576ae085,grad the 2
2b049dbcb1,With the home
adc5ea18b3,new Rod stewarts
5c9645561c,invitaiton vibrators I
ef329bc827,went shopping Momma
841a5cfcdf,but me Where
52eaf44b44,the Good of
895de1648c,uncoooool tired the
9e972c1093,touches something up
ebf2a10961,sad evry1 b
bd74c21c43,and i tudors
a6aeb0b520,and Love I
24afdc75e3,a today know
0d4d5b49b2,tired sad is
78819d2e53,gone Theyre
91c44d5912,all fault Whats
11aa4945ff,com but http
495299c926,losing hardly the
7f3b118605,u Tell to
3da6270b02,was not slave
9a2689017d,best the ½tition
5eea04087b,never Wisconsin left
7058fc87de,Aguilera Fighter LOVE
95189cd3a8,warmed stuck sucks
40ae4f1f0c,airconditioned http com
d24c474353,in a its
b13981be78,I oaerf4 late
44b0b41b62,BabyLove D homenagem
a2c8b8dad7,Internet lack Doctoral
4d818fe6e0,the saw I
b8d9a368ae,so cute nice
0010bcc0e2,my from watching
58c5bad2d3,Dang hate not
7407e1cf5a,wrong one i
0e3d0b5ab5,Twitterwar follow GINOOOO
c0e5365bf0,be to horrible
0be9ed25f8,jealous 4wh5x http
04095b70bd,sadface
64b8d96644,wait vittles to
68bf3f1fec,I Oops forgot
8e3b60deaa,floor brains killed
341ed728c7,hollyoaks dam missed
f585c22106,sucks that a
888b3fdf3e,IMHO best http
540f0477e3,Down being I
79852f9590,a expensive like
32b2c8b924,for you Aww
94e0366b6d,4u5h8 on http
094681e31c,loev I Littrell
6641548d60,to uga better
b05be3118d,i fever pain
291b817092,feel No Ugh
f837a046a9,you to lovely
a567459a1a,happy read something
4cc3d3824c,Good happy me
e959cf04e4,b9v90 its http
271bb5e6b7,Loving nice new
c8b610923d,is recession a
27d0c01bc2,down could been
b86d2cca27,a Can have
9c11756ef3,Love com I
7bad0b9772,oh poor for
c6881ba0e1,Aur love Phela
81622f137d,was love you
82cdd851b7,lmao yep
911bd25026,Aaaaaaaa hate I
a64b23f5e4,i my miss
30e7967de4,fun Hope To
f45a9649fb,work to I
da5c3fa1ef,love smash song
22e5e3cad2,back http Did
3ba549158f,you are what
a975e49753,goodnight headache Huge
c3541b6a2f,that sucks
40e1ca4ab0,said what she
08d8063529,a lol good
36aabd3627,was the great
8f851c59f6,you but about
a351659f85,sad ally the
33ae501ac5,hot sticky too
3775f77081,dinner bangus a
cff0e3e256,ill i feel
0ac7e72578,Then for home
b854daaaf8,will Day enjoy
85117f3ab3,Just got home
daa651cfd4,good now was
85de235e0e,to see going
a8e51d1a43,a miss I
28825fc1f9,drive for good
0796ce6ac4,work I today
416726e6d2,Koons happy sure
0e4bcb3a52,Happy Mothers VALK
dd77d3f5cd,im wrong sEnti
bf46ac3c7f,like a to
3742419885,hours more here
a203734990,you your LOVE
2b70bcd0ad,cant by of
50dd008fb5,Its about The
c501544be4,miss I danielle
5b5be601c2,it i better
ddb4330613,time some people
cc0ad12b7c,UPSsucks as limbo
4aac092937,significantly pretty sexy
a1ae4e2000,to go for
8b37012287,YNA DOESNT Sachie
856bb40ae0,probably But after
cad8db609a,having falling hard
93a199b78f,oh lose kasa
dd49f1179d,in need I
5f455a3147,tire Flat city
1d5d10eedf,I hate and
16357f7283,hope the u
5657eb8429,show new thanks
65c7eae9b6,best everyone on
ebb86c4db5,220 Schwarzenegger MhKz0
5bf798868a,4wgp2 http com
756d255e40,pukey a Poor
4d21d7611c,loved Saw amazing
131bc4a304,it luck good
0a2c386597,here morning Good
71617c28b6,Amazing the in
656e4dfa55,her go can
fb08563a7b,weather So bored
5c04a86c88,was you yay
94c3127153,I not due
226c11669d,there annoying closed
79e554fd60,a for good
582e5d7420,not all to
f18ed21359,should of a
206aba0edd,the me best
1f2445122f,his better much
ee100f96c1,pipes yahoo I
e939fe583c,to in leaks
a1f42c0c89,O odd my
2cebd75ed4,the feel no
5921dbcbf3,to ugh her
e1db1eab6e,a to Finally
982b1c05d3,it LOVE 3
afd2159e57,nice done thanks
533d941f5f,no partners said
38c4f74767,the Some of
f50fcc36b5,so love 3
676b733c57,beads feel girlish
1aa65233b0,Enjoying breeze cool
f422f53b7f,shuld best the
04887b5405,Cant sleepypants a
f7f3dc7102,New orleans here
081a4e8b31,cant already i
1f45286504,graduation Alixs party
6ed0958471,fantastic Now Bioshock
2132f07ca3,love I was
6db884e1a8,get did those
9fb3633760,sucks a tablet
5181eb11e4,for Thank high
13cad32c3f,Nicest Nash from
41a86a9b67,to i just
0b2ccf0b7e,lucky e went
6f91801792,up not my
d8f089b479,on in only
ded636e263,thesis a for
52d7fcfd39,this not looking
5acf4885d4,omg fun isa
dfe5909132,miss KObe wer
59d4b58ebd,You thanks appreciate
b5cbb35228,to wants now
ad1524a0c7,badly so to
0382b0a358,am you excited
fe9c9f7f2f,be was fun
7a4f2f28ba,bad up sucks
4b3a5b41b6,the where is
b6cd695d48,to I should
cd60606781,Love it you
32e183bbad,zimmermann sorronda loved
15e5ad39f3,crappy cry i
bfca4ba8ce,so 2 jealous
062ffc4f0d,sad to have
5bdecb0d75,a for is
1b59763e81,you dont say
a17703215b,a good really
a240940b31,it good better
6c256de604,it girl make
5955233380,are you how
51be0f0a7c,AM not shed
11946e367a,believe good mothers
5d9e44e6aa,UP it sad
a37538b291,damned expensive all
c9a52dee1f,different Guess week
1dda981140,begins better this
35aa02c551,missed im sorry
dbeef30a84,like i _bear
67381561f6,ugh no is
3911f274d6,ole to good
ed84aa3983,sweet today I
822cf03d0d,take then hours
670ce5e88e,always i have
10022832ae,legs restless suffering
7f8240f623,you hey in
f1776ec89e,hope best nice
2ea6cb3bd3,hangover a to
877130d7e5,DAY HAPPY MOTHERS
1937abbaac,burnt my on
0a36e72ac2,because home badass
e4fa21bd2f,ones bad also
cfd68d702e,to why summer
b5da09a0f6,WTF our where
53a531c7b4,the with just
32739ec46e,wake bake monday
054d16c70d,I tried Not
b1195a418c,the best is
2d782345bc,groot een TestFest
b8b975d265,today Stupid No
4b1e5d7c3a,hug you wish
5898290010,not he getting
39f74c5153,woohoo to estonia
3949bb2591,we for hope
ced0bb0d25,stupid I predictive
5428d6a1dd,to lost mahjong
3f09fa2af2,sandpit in stuck
cee062574a,on thanks to
166332e48a,im i bored
8f25eabe4a,bless tweetz may
3c41934098,miss Me my
9c1e71d5e9,Jackson a but
1cebd63a24,pleased just for
8e48929733,ipod died today
6545e365a0,nice a new
b221ecd789,the tweet Tweet
c28bdcf8dc,My fingers hurt
43ee369d34,new you good
9093f4a84f,to slow is
b432c9fadc,T will TO
87b8d7449f,the from tmobile
36589d3c2d,I have fml
5055018a65,Lets u go
28013de754,baby my perfect
df82999f38,Happy worth Mothers
ccd4caa001,private account API
e10587e6de,cano I hate
d41721b745,oclock come please
fc5de3287d,i TweetDeck_0_25_manual_Blink182 sad
96ed7455c3,like 4xvw2 a
1cf039efa9,in the rain
ecfcc8230f,ahaha thanks and
3b5d1cc375,u and why
5dfc83d141,http Hope Enjoy
7a7f7181c7,lovely a Both
38d2b216c7,Watching to h
5f58dc8b36,Now need i
b8332c63c9,its cant supported
da62e66fac,omfg worst the
d3ac1634fc,love best i
ae5b8cf7aa,ROFL me too
2fe4f05a35,too bless well
aee0796720,a shame graduation
5b6212874a,to Penguins win
49d708c7b8,Dang my stuck
360583f897,i wait nice
123704488c,it in love
3d22669847,the on going
a47a7599e3,are What you
cbb9d08353,was Howie nice
43cf42df19,my the love
82319bb9ef,made wish a
0f7696a955,licks cool many
5213af0cf4,scrabble poor come
c400b1fb2f,awe
225e7973da,me follow
9a9fa3f033,be love awesome
4bf04f6e67,you saw curious
989ba2d8e7,good it works
cb4adb2254,But I what
e4ecd62689,no complicated the
adb0fc398e,glad back so
46ffb6bd0e,stalk follow i
20bf68a459,crossed fingers for
e0f831f552,Awesome me good
968910f054,back on flooding
5cc015ed85,much Idk not
380c3d243a,until for ready
489b7fc86b,why hugs
05198b8107,out for crying
3c4cd5a819,it air sad
d276268ebf,not its Uh
78e07d2075,beauty you a
e7a714bd8a,6 fyaaahhh headshotss
9c8ad0b932,summer Its the
f765bed159,sadly auctioned oh
3e661b33eb,second the very
17029c297a,feel Ugh My
565e68ade9,to going Going
d4753cae10,late Hell too
601a57c65a,know twitter version
17bddf4bf3,death cant 4
127260366f,it hope I
42a95b10b3,back till from
9630a8a60e,get cant out
02b6664fc0,Bollywood egyptian fims
74e71ffd48,serious let head
2bb3411362,seriously is heartbroken
172b9d5155,but and hurt
a3893b1fce,for ready work
6bdaadbc09,not Oh sleep
949020a350,http raining 0wvnpj
d8d52d2cb2,loving Please Leave
63a1fa4db7,thanks been the
8362ba6ae2,I feel like
89d0e4972c,too wish it
ac4f58fce3,Happy Mothers _NyLana_
e8641ec31d,yeah only 2
a56416d946,love _preet the
efbd798924,HUGS sweetie welcome
eff365b5b5,Last day from
53e1fc3b18,be Im sorry
e52e2ecfc5,good nice a
49c713c76d,Is Crying Bit
855545a974,a night hoping
e96601d516,wow heather
dd3d4c2edd,im good for
cb7163bb37,all then out
788e29ae5c,i nice okay
eaa096c532,make disapoointed Glad
f602450df1,joined Just Twitter
63983dd792,_dubbs dwellers you
1981e74a66,hope youll Hahahahahahahaha
876bfcc38c,_Lee and loveee
a8d61ff137,moving out my
a375a16694,sick Still done
f420223044,with u Take
75b9768faf,crazy it cool
4c973ec65f,happy mothers at
f554f3fa53,agree we with
ae12877dcb,down Skinny dipping
101bf94294,so Kryptons Loved
a1b12787c2,em Mkt rare
8645287c66,DVD but kids
c8384a0df6,time Twitter word
60fbd17c2f,too Whatd miss
51600bf195,Thanks e my
94f0a2521c,horrible the feel
1c5ca67cf9,I Be Good
07b995a175,outside storming
5664973d05,as with agree
b1caa80c14,night watching all
5afa60036c,miss were you
c0aee462ca,yay a me
d4834cfc49,Early with dinner
ab6d4ad2fa,feel be not
54717dab38,seems ba I
80db97bacc,picture me cry
47617218fe,Hooray
656a58ba47,not page Mean
03d9dd414b,the bad to
4f2bf0e4b8,I best new
de20a4f9ba,of with Why
ceab14b717,not the very
c2645bfd2f,never fail ano
9f2322eb66,Off it now
19693f5997,3mrIM in failed
d1732ef2a9,the i wrong
fcb934b1ea,wait my are
acdd6596e6,hungry cold Im
f4c5160e40,learn nutreal two
0e3f632892,neglecting sorry im
0b8cd8a6a8,to for good
29d1f7e4f6,Holidays your you
264871e342,nice shes her
e4bb03893d,to go wait
cab95c99b8,How to hold
d847cf8346,Sad missed couple
babe7f5404,for http ready
63f47fb1e1,and AWESOME excited
bc9097ade0,enjoy P Betrayed
34ea29707a,feel dont about
cd00966e36,our miss I
40d5393a6e,Good sure and
3db940a3d7,wat chk sound
9a2c6ae21c,amazing alton was
fe584461ef,miss weird how
f7c49f422f,than your thankfully
95dbb10a09,hopefully http it
68e1b374ac,love Catt i
bc3d152a07,so suck bad
77de10258b,iPhone the on
7ea7deb09d,swoons it swoon
4805e663c0,Cant have too
85859d775f,acc u know
f61a3d6393,last that Yeah
89a5639a24,the _Kid with
454c890bb5,no way hurting
20eeee52df,feel without the
e14bd46ac9,was how sad
36c1a56493,Ill Just never
88ea8d1421,Good movie thelma
5e80e58699,d44lra com http
1caf64ff52,1 I with
70fba04997,that yeah phone
570c1a92c9,MISS MY HOMIEEEEEEEEEEE
07dbf16cf0,better balboa ya
dd069f5bbf,never it happened
414734257e,sorry up already
93c0d86282,so But adorable
2b2f63eb2c,I the Thank
d8c30b8a27,to is private
1efbccc936,I crappy that
8a768f4305,pitsvillle lambo stop
b9b4e92118,at work Back
67447c7a51,no bored to
a0450b3745,to hear sorry
d3c0cd9fba,am I freezing
70db92882c,She The Better
54919bf6ea,working with but
2ae6fffca5,not campers Good
0a34728a30,finished lawn the
cfa90fa221,pheasant Baws on
ba59e4ea3d,son Falcon My
1115490075,awww _Day26 its
c4df4b1e33,sad Fleetwood all
1dbae05df7,glad love is
04d19a025b,happy mothers 2
df566d4c87,hope Love so
25722484f8,sweet best Toblerone
94f554867c,a Realtor I
7f5c419a7e,some I know
e3a8728252,welcome I have
333f3d42e2,haha bless cute
4e643cc041,have consequences i
55bfdcf9bf,Sorry was missing
564d996422,Earth hehe most
3a07e1cf57,i higherscore it
29a6fac317,Now you wtf
4c2cb5387a,flu is cant
d0a4b8bc09,to day beautiful
484373037f,at on attendance
b37fa20e4e,off to just
6dc1aa9db8,late forgiving wrong
ba7df25a0e,Grace to Timberlake
4178eae6e8,off tweeet for
d50b0a5b94,cute I know
f99a3c423d,hurt worse it
5fa63f624b,me NEW tell
5b1260de70,is stubhub to
3b26122664,sweet to brands
b1da216450,the loss carelessness
e818eb3851,then see work
3c58b704f2,what Twitter I
0fb19285b2,TO tho HEY
b8e35a07a2,go pretty good
df8b63c379,sad the RIP
f9752f3768,broken text have
d760e45546,lad Thank you
914ab55259,never enyone _the_BigMan
42590d5199,I to now
aa4724b924,no effed I
5683fb4e31,hate to I
d73e917df5,with your happy
b3d1523864,think with hannah
3555ac7c01,Holy snazzified I
118e2d6168,hella fun good
a17c16036b,yay good that
96f3650135,last live night
d528912ba9,you nice to
b3920a7615,good it myself
226df3194c,Great day a
7ae1f564ce,in it couldnt
f1f5baec38,UGH look no
d05b0f464a,have its i
bbbe1a1a9b,watching in thinking
31b002108e,a My hurts
8af4011f58,needs to this
55210b6e39,but took some
aeb56209ce,with glad I
5026e37179,my boring is
6d6e5c1d96,my it love
bf580a287e,except work ready
31d102fb4c,that love ya
4d3c23d2e9,then ok in
3eacf08209,happy x tonight
b659d14173,much SUCKED mad
e78f6d920b,the good in
6d6e1944dc,i lucky wish
1c25a69c6c,great my wonderful
4862263051,you love Jacobs
97fb7ec718,finally learned to
18fbdd718b,great morning of
c7f60af36c,ok thanks oh
c467f58715,r will u
c8a1dc1f03,home soon where
6e059414a2,bug nothing serious
e337f23744,definitely most
70fa6e0152,I cried techie
096ed753e9,the has not
46cd71439a,can 00 out
66dfc52d42,to Is morning
6647959804,ever best the
0754d96b4a,hokey it PAIN
12ceb7565a,so not good
ace00f13fb,love Dancys Shopoholic
15e2731c37,Kuantan back FUN
8628349c27,good pajama Good
99e466c1e2,you HILARIOUS plankton
1e4e4b607e,My Oh sad
54698d6dd1,THAT EFF NOISE
b3cf47c9c0,day sweet good
bd213e5f40,cant and _Im_Chris
c964730131,KSN Glad have
052fbbb0a9,on phone Sat
39e873ffd4,NEWSZ i editeditedittt
e2c48f0201,Its with sweet
19cc63aca3,grr pain chipmunk
5d713d947f,me the scared
f180c62405,lucky you for
808aaa8dc6,lol not you
2f43347970,never Consti an
632ea65f37,Ur best u
79f4e2fe31,u miss I
3cf7d3cbea,today sooooon from
20a2a8c3c8,sad is and
5875847743,birthday best a
15db00c707,OmG U NasTY
904af41287,NSFW a ones
88fad37761,better http ly
b2dc9aa460,no be cry
4c2003055a,morning Gooood
e2eaec80b9,Day Mothers Happy
e96ef28e55,sore cankle My
1eabe43846,broke my Lumpur
c83acf7a6f,i good haha
ef2f959764,GEE EXCITED SO
32ad62e131,from my Loves
da15c4b003,quicker hope weeks
670244dc63,on tonight the
38b6b897f4,Shinjuku HMV
be346f0d98,Im freckles heat
be8e327d50,a karma bad
0c37fc95e3,for Thanks of
00688f0441,feel hell came
1ee78ef6e6,u r Miss
98434ae90d,for Saturday wish
ee55b5844d,scared bruised Im
520e9b5484,so suck not
41e9e0fc5d,here just that
934ac753a2,home on Nope
b943a19a88,that Aw scouts
efac7aecb8,I Ill can
318bade93d,i lOVE it
ecc56a776a,was favorite perfect
3c048c6a14,is where hey
0d63dff2e5,care and you
1fc3517acb,I tub hot
4ef9dfdd0a,i it cant
fc0d5427f8,my cant go
9f69f15ca6,matter the whats
2d6ecef1de,to like i
6334ad4725,love Especially you
fe9b205b30,I stressed out
3266de0475,good 550 the
ca1d744985,to trouble not
81ef3d303f,hope too I
1f163ffa8a,sameee thinkk haha
896669ae51,miss much I
f8393c572a,http than better
87bfbb125b,vUiXG off just
1738ee7f17,bad and Gamer
41e53f9cb9,happened to what
d948eb5d1e,a Hopefully for
c9c0e975c0,5 A at
f3e83b7d22,miss that Not
60b050c72a,i a good
7037789f98,downwards sense to
1c66900f85,today 2moro to
02aa2d95ca,you now workin
69728f3226,twitter starting
3563567f97,Whered I fatboy
e19f77eaf8,with you phone
c3e4e319b8,dont work wanna
d2be8d7fd4,day happy mothers
e57eafee65,love Thank you
a42e148220,to tired Im
f5e5205d2e,of I did
96a8112f12,those be hopefully
b9cb67bd1c,My Burned legs
18219a326d,my Awesome Really
306795507a,go jamess to
4e05652b8c,to the Time
d24bdd2844,a motar hopefully
1b4612b286,I for Only
ac75f9e59f,then eating lunch
7a5e6a6349,There JOYKILL is
bd115d950b,made is brother
a875ccc879,work got back
70d2e5add2,can I to
943b1558e1,Collectibles Antiques me
252a0078c7,a bad day
f245456ba5,up thanks 1
e9c03baff9,to be Ill
5865232bd7,question on post
a16f652927,when gonna miserable
acf7eddf2b,have humiliate You
da39cbf3e8,_jlh special And
3d054d1072,I rpt miss
e4891b511b,Goodbye Love to
da37487780,lol of great
be78fe3df4,to inspired a
a30a9b4003,that worse and
ad0dd05c20,you wonderful just
f347bda133,at summer will
861f5b2008,dicsc I R
27e3a4acfe,nitey love that
8628c6df3d,the hit my
fd871c70ad,the of game
f525424cfe,much ate too
f3afc03b4c,Im to morning
103c6425c9,hate I _beag
6fbd9f3ae7,LAST CALL
ca8ae20678,i cant makes
cb349ee334,thank ganda whooooooooooooa
e5d88bca69,jia you
63d6ff064f,after twitter to
df9709f719,tins need dammit
0828b1848f,ahhhh sad very
3f6bf57365,hairband glad resort
e1b0bb3509,how you about
2d8d4624f2,hun Im pleased
84ba2c6195,HEY oklahoma to
eff38f3689,Thanks the Tove
fc2a587094,fantastic for a
3e5c571a1a,raining an Its
cc7e3d0e3f,sorry omggg feel
3ed3cffe21,flu I it
d31f0597f5,tonight Thats Cool
47a47bd1a0,http me com
bf9189459f,Tatiiiii me too
199d624a97,lookout best a
c23bf94285,night nice be
a3cd0a7228,be fun signin
4219979931,frown a to
ab925cac3e,Sad had file
e2bf49618d,is my STUPID
d6dcf8c5ef,I miss the
d4aa6a714a,being the thanks
dc78ad00d3,happy morning that
0a49d88d14,Williamsburg Ill yall
ca75f7e584,for pretty that
d18a55e49e,to the what
620741fc16,cool pretty was
3289389558,aww cry dont
1496a45408,pokemon forgot me
a4b7cca240,go not sleep
f321d7a256,my Love it
e1dbabfca3,helpful I as
f4855a1986,great Hobart looking
92b95ebfbf,stop teasing hush
f8d2395684,a im misses
a4468f0e74,up meet Cafe
850681c6b2,well i cursed
6999d42bd9,my by not
07a3ac5a80,Happy the This
7f4a82153d,bad I kid
84548ab6e2,its you the
9c65f93a2b,Justin funny is
448c887bd1,to Have Great
e19ed00091,my hot I
b59a892581,you love I
be6d61ef42,to I go
6b6ff812c1,not chivalrys dead
f02147d638,hope cute i
a85e779682,fav my was
52e7b6c3d1,offices Im miss
8247622f9b,me my dropped
df320b92cd,a Off to
5fb30f858b,work expensive not
238f8d875e,implications shame cant
02883c7ab1,yes weekend the
3593dbe193,all alone the
9b186b77f1,then eating and
d9bc353713,tonight farewelling an
f4032fd33c,on just to
93b34b1964,u i skyped
aa2c27ea07,wearing I England
2e56c6a83e,sad My craps
2e94c6bf84,sweet you love
a1b435d7b2,over obsessing is
c5628b1962,fear and this
0aec5ff9a0,54 day did
09910a212e,I i bored
e5b36bbce3,you go girl
d8ea663169,ubertwitter suffered errors
5773cb0640,great poetic them
8c5d6357cf,thanks it appreciate
d01966504b,got Yay totally
02ea3e88bb,you i hope
1e52917c17,meet miss sad
4d5a01ceea,live EXCELLENT the
656119dd86,Now awesome the
f68a3ece4b,_twitz lol a
22d22bda0a,i my love
f2a3b9d7f4,i tiiiired cant
bc3c21ca4e,It greeeeeeaaaaatttttttt amazing
b9285b80a9,well not Not
47e8896447,opportunities hoping thinking
c2828fbc35,him poor hospital
a4ab64c15c,I Graverobber fun
da4a26cd96,So HILARIOUS be
3b388efbe6,of favorite the
449d73bf4f,durrin happy day
c63415814e,want dont to
c818fdf4b8,Sucks be a
da76e6c8e1,you day happy
b9798fcba9,hopefully really good
b40a435ea7,check me Sirs
d6606e8167,out sick a
d9564b50ef,Joel and yay
0d769aca27,Really _CorruptedAngel really
23a614d341,ugh 67ofz grosss
c4a00650cd,how you why
5aa8c0daad,it i like
adf5be9ada,working hard these
343c2dd395,fantastic you Thank
e64a4d5361,winner for easy
facd1f468e,night 4 last
11a3a0fb9d,Thank I better
61fde0e7e6,lucky songs weve
769c8775bf,i right really
24747934b4,completely stop my
d79f6eda9d,NOPE Its happened
e8bbfed756,to me out
413eef8c27,see u With
90fddcbca5,miss you I
33745d82ff,have N stealthy
59b63d3b0f,me in but
032fc2b3a2,misaligned DOA Leica
739f17cfe1,yay for now
4db44fd32a,sry em all
06ed7a838d,good the today
fb7e52a340,if me but
7574ef7536,goddamit STUPID sad
e2d8e05859,of then tea
6ff99dcdc1,happy finally to
6e0abe59f9,nite good done
ec1dd094c2,to have on
6471ce79df,long cant I
7ae4f41a31,cool movie tinyurl
44da94a9b7,but out with
a3dc4cf37a,and Talking to
b2309cd1ce,from a tweeterizing
34e4bf2b94,not burnt be
6fe5a83801,miss i seagull
f87b8847a9,pretty I a
948fd09708,from com 6121231
8244eb7ae9,ICECREAM NO omg
f446d26bfc,going to Is
da3dd37b70,I a hopefully
a7a5cb1584,AWFUL cosmetic ITV
16fd300910,for to Good
6a818203a8,meebo stupid is
3102d159d1,a LMAO good
0eb06a4076,forgot Bonkers is
4454e4d53a,I 4719 a
2b18f3c81f,sick can be
e8e5d28fb4,love Da the
c3feee17fd,lovely How
eadd269ce5,a Off in
fd5ee5b52e,love do you
b454c1364b,Homework Study Guides
77e57c378f,hate i to
e24b1487e4,nominated in tho
41bb347c8c,sold version out
d7f63d1bb6,And gone its
13ff4f0f99,vishal hi _RuGGeD_MaN
34533b5903,I to FINALLY
63c7425486,its but i
44c1c813a1,for on this
8e34972820,fun only live
bb8443d7e2,good dbrc88 http
cadb7e8823,then crying forgot
65019c18cb,b a c
126e2e83d6,5 Sorry think
42d4d17693,my cant it
8837fac289,lol hope HAHAHA
1fb1670192,wont me grrrr
669c709c0b,that lost No
c7e52408c8,bored left and
f6f96dd249,my anxiety getting
f8456f260f,so i love
51ddb4abcf,8 6 Sadness
15a017a8e4,attend sorry you
089f2af7b9,i to go
28bd0fcd11,happy love made
f79609f1b3,_Bailon Lovin right
8e7d2d0ea4,you miss I
b847eb1075,haha so yummy
f923746a3f,burnt i hurt
80279a9e74,sensationalist trashy yes
5d3d18f13b,suck the awoke
6debbd53ee,Day Happy Star
f2906f0420,The Thanks For
a7f12fa546,Loving 3ernb The
a72c5d15b7,fml hate i
bd4c861cc2,so about fun
5ec14d968a,wish for we
ca2896a372,happy a really
416e6352b9,you are in
2987cae592,I can Can
692cd6a34b,I NKU can
7067e6046d,Mpumalanga your quite
c4210150ee,the porch worry
bd095b4751,Tweetioi a problem
3dd127f4af,for miss I
8bdaf388f3,broke I im
9ddcd3f037,com http working
0457eb75c2,lost bork all
598d35cd58,decision stick not
472fc56661,sooooooo shipment Ahhhhh
d46052706c,get hope safe
6a784b0c72,x my poor
16466d0ff2,Whooo Good luck
68a6cf591a,LOVE glad great
04c455e820,website the not
eae7117612,over some going
548e2f1e34,Im soooo tired
32a34847dc,shadez all is
4ed24c845a,an boring in
fc73012712,vibrations good and
fa8998df98,you announcing whole
e540ebed83,go watching any
e2591a4f5a,nice to well
ba443581ae,win the to
1e7bb0e6dc,LOL u Jizzle
3629287285,why com wxj54
f4eae403c0,a Have great
8d86885941,E lgwrum Watching
2f6e1bc40b,cool Hahaha Sal
62bb51eb64,sweetie very lucky
3f8fc09752,broke Controller they
e62ebf8ec0,never dont i
9662de1204,is sick My
44bf854f69,i that enjoy
0b583242d0,got hah finally
b8846d0a50,the is sick
898b9a9338,i the BEST
cb5041f872,wow hope I
144e6fb3ad,the lazy day
43288822ee,broken of are
9a6c971e84,the i love
a9edef474b,me So feel
09a2245f93,by not 00pm
3a42bc3485,tele my love
3c343d4e1e,for icecream breakfast
b7259fcba2,could my from
d2443706bf,at L See
842e9e031b,Torture Edelcries got
8dc2975248,its suzi
a838619ca9,amazing the inherent
7ae1499198,muthu fail the
6c5002df01,tho idk lol
2c0f4ee9e2,silly Youre
c8cfe01c4f,my over headache
e6f7199479,Salman Munir u
b9b983a83c,Midwest great for
08ad89c6b0,have for time
edde6bb21e,feel better Loving
fb1c0ecec0,and were in
e01f6a7ec2,have want heyy
6068de7168,to cant get
5adce8e8fc,cant hate c
ed3f95dd2a,so I hope
c7e96d2411,happy day mothers
5e6cdd7c91,_bebop sorry lame
2ee99fc907,how morning you
52c2bbf770,i upset can
311f189ee4,your on fun
fa3d1d0975,moms smiling heaven
7005fce01c,missed oh I
0a4594beed,to last week
667e216a44,day good her
cddefa4364,you also in
5612d59230,I it disappointed
0690c4b873,MandarinMonday
f589c8b60d,for miss no
79331f42cf,it a I
1038091281,it to ill
653f3adcde,FAV 59 my
5a17107aba,work how is
8dd4c2b501,is Sad my
bf4c610e53,a designs cool
b1a2c1b94c,too much Can
a624cc6757,do me bored
7c5b5c6f96,out i sank
397ef3478d,sunny is it
917e217975,Hope you sympathizes
a657e300d0,bad is Sunburn
1872e32e07,I alott like
c5698ba3eb,it amazing u
6cd9991cca,my no sorry
2bb759d569,gonna hurts go
926f9f5895,watching old out
b4ea682d4b,club the join
c2fe8bbad7,WTH nice Howlin
0d7f89029b,motto a like
a0e7618e7a,good really to
12d70a758e,cold why so
d86941ec1c,you hopefully the
9de7ee1962,interesting i picky
4cb6f71974,awee
10db37e108,succesful Love You
881affa1a2,vacation in tangerang
82582f6d17,me Yah too
10b9feacd2,I lose lost
9f89432794,to Missing without
684b2dcea7,good is a
2f8444db6c,upset sad _shannon1234
8e8ff8dc66,with haha best
27bf96d1b5,still hard thats
21af13b50e,approximately of love
daaff3f5f6,Bad sucks missing
836dd77850,in have mice
0197e3ebbc,best 3 an
796110430b,it DUDE hurts
3f09c16e52,for love good
8f892ed3b2,fall down
a8e2c45625,Brittneyy with In
6030362588,nice hope good
323e67716f,disappointed offspring on
cda2c56cef,excited stuff good
7cb093f4c3,pretty http wow
a9b6058320,was roping great
197bec62c7,The True was
5db58f4182,morning you
bbf1006316,send thanks i
3eedba9550,and for exciting
b9b532f7a2,But the great
3a23f53b85,of nice it
736f85408d,afraid in me
2bffd86b55,bad my mixin
b4d1c8c080,help I in
c5ee1ee772,good for a
138fa4e0f4,for tickets tinted
4bcb9c582c,going see a
756300c03d,thanks the for
e3ba5e82d3,to good be
700c41e7c0,the Scary for
f19f0c1482,to out need
f637b48a5c,funeral a my
6fa5a04599,com hair http
d54d4de7e5,another sorry u
71f389a974,yall it a
7b05d819ee,sucks that
1e32ad1b17,the Happy Day
e89cbe91e0,but i today
b22895c538,have 3breakupwords you
8353cc778e,love well sendin
10e991f020,2 show good
128a73fbfd,ill the my
a3c5d75bbb,you boge miss
2b8fcaed04,Girl Happy Love
37daa255ea,a i hopefully
9508aeca0c,for Love you
5d47d76ed3,sounds world best
a0840086ab,poor the just
9f23e5d8f5,feel someone doesnt
c7a59f50c3,Good Morning great
7ff53f335c,can me u
e96c25a560,I the horrible
56c08b2df6,10 day 60
d08af78eef,yes though there
fdd3a09897,new Got some
aef284756a,LIVE OUT http
84a2eb963a,jtl8 day love
df2a0c498a,lol _tha congrats
8230f9ad74,out tea me
ea7e409dcc,2 I LOVE
cf1ea9af3b,I every terrible
b29a9ec749,missing jealous oh
9d6e14002f,have vile to
051025ff7f,in crappy partys
30eecabd12,kill punkrockchick25 it
fe51ca37d4,I missed time
75dcba6339,free for favorite
74676aaaed,great a from
cec0440736,a mother as
c4f4b37c8b,worse very not
65f5ce236f,horrible he all
66f40f0026,funny it was
e38fab54b2,in Thanks good
d67edb73e6,likes in tweetboard
0c0d180b5c,Appreciate it Thanks
e739d7e64e,match my Yay
2e982cc27d,from the good
3ed1480471,tomorrow if would
3e99500fa4,darn of mocking
00ce730001,stability mental my
ea57382c80,luck good finished
0972b54c53,nice here like
3b8b4be00b,wont up My
755a345dc8,to sad subdivision
88a4e96eef,is ultimatum sucks
d881666768,know if tell
998b50607e,teenage spoiled my
a185f0cc24,to was nice
6cee199f3e,fixed I Yay
34522a55d8,thanks the a
dc513a682c,morning is why
cc75fbff94,Forum NOT Okinawa
fdd859e2d9,grand be Ill
e0c0860417,my love I
f0854a3951,the i best
356411fd5a,you I thingsmummysaid
c780b84d97,but time I
3e7c1d3c6b,And really good
e79ca3a450,lol aww fun
5609c1212e,Thanks was You
8c8e32f76f,Yeah 45 Trimet
dda6145689,WITH COTTIN EMILYYYYYYYY
f03669fe8c,I miss the
7fb2ca19e9,but same just
25ea895560,last good not
2b6ec32c28,a there see
894a3f680a,I bad a
c258bebc27,the Going to
e53f3fb1a4,did In to
9cf0c77bc1,a I nicely
9e07e4f596,pain bed wont
bb14e1f4cb,At always loogies
8f65a41e73,thanks well me
c29116d111,day happy Star
efb43fce11,Thanks had fun
7053623c26,bad ignore i
72ee8deee3,better i happy
6ffc960726,the fun Airshow
586e68c59d,in saddest cry
04b57c4359,my is sick
e33459f8f1,in where for
43c61eb7a3,find my cant
a7a96b2c1d,1 only i
87cd836d7b,it feelin is
a72f4f357b,i love you
ad5d8a84c1,room to small
18a11e8dbd,cheri in _mmmichelle
2e8bd923d0,poor me cry
ebae3ed394,time to for
10c55c13b8,blocked facebook annoyed
b26843421f,Mothers Day
f3c6e98737,LUV thx for
b9ade6591a,I pate delegate
3ae98f1cae,lost I have
3477bb4c82,miss i hot
193fe8822f,is YES waaalkiiing
b631ec4bfa,you read writing
6913d9c30e,burner weber a
07d608a03d,Thanks DJ Mr
d0ce0ab587,mosquito the hate
425c9eb614,ohh bad my
43790fc27b,Im sorry Oh
727cbe5970,nice after awesome
7d0291358f,for why to
9dec21d822,Did Chants I
3d90ad58ee,u weak jks
12b08fabd2,miss from and
f97b6d38ed,great dill I
93370a10dc,now hurts it
3ff2b333c3,I novel love
ec9c43fbb3,Love to a
99fdaff40d,love 4wi9p you
0c524f5e69,i how want
1783b5eb60,feel work hating
932227184c,luck postcards No
00f377c634,a have why
b99ba239de,I everyone excited
1f9663bb46,see logically Constance
23d8ccab77,a did X
f59bbec4a3,the i pain
a37b6c27a2,scary ahh my
1d06a9cc02,oh game5 no
e124c79abd,Happy you Day
5a5d7e4d2f,worst sweating and
bd3b5dbd9a,Mak you Happy
12e0187cb9,good you for
ea032bbaaf,thinking about is
e42d0e6e9d,now i fine
946573f031,sun what
2d5051cce9,get you hopefully
16fb14a0f7,much Under stress
8b5e410207,too me
eaeee872b9,but know a
e8d8465eab,ptsici chronic me
1a857a38fb,life fun is
25694a4e38,on a just
a4b3b95e89,http D9qVk twappy
2e57d38abb,never a such
d6b053947f,what the happy
7db93d25c6,problem my hands
94977637ab,wont crushed it
a028e284db,timeeee compelte never
513358abe6,missed sunbathing and
d2dbf84fe0,i I know
9d8efb8db9,well com not
88040d7737,thanks nice a
db4bb26337,of amazing Adoreiii
9e2748c5e4,well boring and
060acf7042,to over on
5ad2c5e27b,die to i
6a5af5f4c5,I should on
6fe391edf6,Love kardashians the
74e36c1c25,a great coming
2dfbe0b7fb,com http Hmmm
fbd7404138,nothing ummmm lmao
a26a75179f,haha LOL _90
6a72b1eb3c,you hello love
981a6f186d,to YouTube I
d794425886,home yea sentry
2280788f99,crash Qmbol in
16ac3c903c,Australia Perth
007eeb40ff,The 2day com
8f44c2f7bd,not was I
da82d37656,Tired cant to
970d89d516,night huh owl
13d29e0bab,long no day
afe5ce5d7d,my ha cant
979153b838,for you good
b34f37f31d,happy mothers day
036b210d6b,rotary you have
5bfc1c74e0,sunk it 3
c1388fc963,u lol schaumburg
fd1db57dc0,haha ulet done
e7d70b0d76,cant moustache handlebar
f3f0fde02e,that bad got
bb47fa7074,just my guest
8882fae1ac,love its it
c7b61da1e2,the for comfy
ab881218a0,loves you heard
e2b73ce8df,its 9 only
665dcd4cf2,its love I
0b4a2b2eb1,on a hurts
0e72caa348,In What watching
2c39030bc4,nice smiling happy
47caebc343,the to hugs
2dd1bb7561,MX5 want borrow
109516d45f,its at quiet
2c4545ae23,terrible and no
8ef3dee547,everything is spinning
1944d83437,_serafina85 headed Its
967e1b9ad9,sucks the version
e4ef55358a,FUN I not
da276b88e8,am not i
c6c2478e74,not to hate
9e29d43b20,have still hour
1012d3a39c,died connoisseur me
e37a7b9128,me so Ouch
e206dff6da,too much pixels
9ffc800a5c,just much love
e9e0de67a2,my migraine headache
5ebdc7d817,hair in new
1d5318a66f,feel Dont the
35182b1866,have it Thanks
5caa73746c,Vacaville where want
c3384d4c6b,a kid hurts
95305a8336,surfin im
b7df44c04f,the doesnt meebo
94ba09618a,hours for to
dec8c3dac3,MOTHERS DAY HAPPY
1ef4bca3f5,he to welcome
95b7fa6314,For Day Woo
9eb21f1e58,I see Jealous
49e25011f6,funny very _HK
0a6580a2ca,x and amazing
49096c54e2,My love It
1746f40680,mercy with mercedes
13fccb0fb5,at pissed sick
97dbf6e8e1,glad hear great
b7f1a0cd1a,Nibs pathetic Scramming
689c6b69c9,boss I my
a08d95184f,I sadly out
d36296a726,ONE Im ME
e976f2769d,thanks reflective to
1297b5f02d,sorry is down
d205b332e6,bloooooows serious that
bb0316a749,You near or
addf08efba,funny was that
0c53b2d4c0,Thanks nice hi
bacb2d1061,cry me doon
864cddfae8,goddddd trouble no
0a92e46208,good with as
85ef239798,U Mom NOT
7276d2cde2,suck sorry read
d53ddd0172,the not feeling
064a8c4847,i not miss
edef02e047,done thanks Just
695f322a0a,hate I cant
a35314257a,Edgefest maybe or
2641ac37a6,Heres sweetie energy
7a1556637a,and leftover bad
08c5eb64a5,Thats rough Sorry
6397544955,thanks next a
afc326749d,sucks i where
79f88c9c67,no Sorry to
db828c7bda,Thats love
08d12b46b2,coming definitely hope
b9078fdb88,cry a in
6434edb2a5,tomoro Sad a
93c709ddbb,Bojan a pleasure
261ead9c14,79g85 right Decaf
4bd68426ce,too good That
6ff929e04b,Today yeah _xo
d26c5024c9,that be Dover
ae45bdeb6d,NOT is friend
2d0cd25243,going Vegas to
01fdd344f2,spammers cant stupid
f1e14aaf4e,Kicking crazy like
cbd87d2326,Poor 5ut6j Thing
dac8af239c,work feel dont
213f65851d,going 4 Day
41c5bce464,thank sweetie wait
669a4ee511,xfactor Leonard Cohen
d8999ff49b,to good what
eb96d21b64,love to and
8e2432e61d,now dinner work
6d68218d8b,http If com
a00d6e8a18,feel sick Thatll
68238c0940,stupid me I
0f870b905c,i hoping one
afd1917b36,why in But
6d3c1d8ff7,Flea forward lovely
6face8f81f,cant I have
291a81553f,was my first
7b2a38faa7,adjustment to out
415e492cfb,in Cliff Just
374ab5e6cd,problem without hackers
18bcba79be,yet on but
f529745a98,Woo be might
ba6d7433fe,m transtelecom
056c205514,good we wait
ab65e404fd,well like get
0815af3970,you go on
897dab966b,U where magazine
694a98d42f,cool Wu haha
1b5a4bc443,hope GREAT you
92ef69c5ca,was lovely he
4c2540598c,lost me I
201c6c35e2,morning to good
b3c6a71077,stressed sortie Getting
f78d0594ce,list the with
11cab5bac2,You love great
37c1594abc,Lady stuck here
d0c93e2a81,scared this stuck
83d9d8ffbe,of i popular
a9b155d544,chat likely live
37681f23e9,boring weather at
1305139c4a,_kikireestl yahoo i
3cdfcc7a2c,a done hopefully
09554aef59,60 yayy About
c25f1544bd,poor MacBook my
32cde6dbc5,miss in i
4e1101e520,without weird like
ed58e3db1d,Killers as disappointed
daba837f14,even chance didnt
9664d60456,I thanks Yay
a29a6f5c41,day Moms Happy
a4d9ee1aac,for her Good
5729a6ebb9,where is Hmm
b93d5198af,Ive stupid tripping
771545d181,Yay Cant wait
65cbb266bf,shut my down
b93f47d6b0,em can i
ce7efcdd0d,for time great
d18a58850f,go Wish could
f48211d914,2 w Can
38c94c08b8,first back from
bb16d5ae08,slow dang ridiculously
817b6da55c,SimCity that hate
6bb7fa91b2,have fun
a9b501f7cd,than At fun
540fd43bae,nice Just new
9e734c1ed3,on the name
0145dc9e7c,my Good morning
bbcf6de580,love I you
342c394b9e,Mt Everest than
fa625455c7,working bored Im
14c9c24f55,cellphone If a
475e19cb22,a joy weekebd
e035bf28b6,goin to sleeeeep
a2a8a42a36,findings me to
42e4df338b,simpler good easy
c0a39bf520,long so to
645e740cb0,me sad discourages
2bca22c7f3,but the going
c0603f62dd,3oh 3 amazing
f0c1aa8e72,cant mad any
a24748151f,is the worst
4626b8b37a,feet hurt my
caa591cb69,i fight had
46632450a3,to Back work
7505a3b214,beautiful a nice
8d69c4d8e4,you disappointed me
91c6546f6b,I to like
d29e6d773c,CRAYONS FAWXING
e0589e3ebd,better youll Hope
a4f6100563,even do wat
d3d8561006,love Beckky rootin
c005d6cfde,over is birthday
bb3ef3c925,anyway thanks
b5eb308679,i u miss
936cc72c9d,much so ate
1af280ac83,yum xtra 2
8034e259de,i of better
d45f55fad0,that sounds sad
a7a4f1809e,kacy yay with
6564a03aa0,graveyard the working
f6df0fdbff,a the pretty
b8547d3835,Yup On to
ed036f1d74,Tabbing problem Exile
a237d86171,P curls
82dd0bcffe,A pretty with
89de64f532,a the can
e0f51840d2,awesome hook dr
20f387fede,welcome You quite
5d85831fa3,forward xkcd to
9ef3a57e41,her I miss
2a20862961,raining little but
218412b76a,a So forward
1d865c0717,My headache I
7b474b659d,w a in
73afc6a90d,wait your LOL
00e1d9ed60,the can me
7a059ccc2f,mine too
e4c90cafae,out you better
675d0f99ee,LOVE SAME COME
82369ff2a2,URGHHHHHHHHHH makeing cry
46f859bacf,on but ovr
d3b70656cd,out my you
d6788e5a4f,that good for
bef904fa13,her tho curtis
5f72b7df41,up 7 happy
43661e198b,JessAndNicoleMusic are thankyou
2cc6d6b3e6,KITKAT I haha
4ca97418b7,that oh totally
be2fadb2bc,bored w have
1c0b70106f,to a Did
4d9a27e25a,Love right who
834651667b,forgottenmost my doesnt
688784c5a9,excited a productive
7d32d4866a,You w lucky
0cbab4e443,in Dinero jpnnbak
d57bd01b7e,did the sucha
a5912f5b7b,know Gday dll
b0f7ac544d,all sick been
73fd2537e6,_g1986 nice for
20f35978fb,club from I
9a8cde88ea,I the nice
9f48b1d3fa,cant I get
79bd7de23f,like Glad you
6b3c3e22d5,distractions save those
b411bd3afb,Ugh a pain
469196b094,can i nd
7b65a847b6,best the thanks
cc28178ef0,I hi to
4200e8b73c,The On Radio
77a7b3282b,i hope well
76b40b8c3d,snood http com
1b6fe730fd,the but todaaaay
2a04e6e839,only go bottle
f944be482a,_its_sarah awsum Congrats
d461b50edb,ate bored today
d8ab713a6a,it lol love
e838d1f366,mahasha It Oh
885b8f47f7,yes i did
ac3b9688c6,it cool very
0f93a7a6ff,I thrusting wish
9a38abcf54,hope Wish Howie
863e09ee74,sad not am
9501aabea3,today died my
40ada63a36,Have already my
c956722677,hot too sleep
1c6ce0a7e3,yes Possibly
5648799bc4,bad pampering _Ellen
59fd038492,in 3min quake3
0ef8ddf4a1,Hope world it
50ba66785b,go to on
827fa68ce4,openzap best just
a60b818d1d,tweeps Goodnight
316a1d0f4c,miss you to
1dc7f3d536,Hey barrels What
c08d28468b,Thanks for me
043c3b53f8,cant wait to
5fc6e71643,Bored day a
27829d97bd,Toxic cannot FML
603a6f30be,cat my be
f13fd6b067,on out a
6bda8dca4d,kill other these
b70db9bf31,hurt oowww do
c9980ac0cd,great i my
8798f0a924,know who me
edef93288d,Just sadly half
9f345b18c5,as good better
5f857f8279,not listen is
391211cd64,O fun night
b01c4cd28a,stare now I
3a92bdf00a,gayy and nice
d24ea15375,Now sub I
c3c168bc80,vitamin U is
189ea0d26f,thanku yay hugs
fa117106ef,missed bummed I
f66bda14c6,proud new are
cf3dafabb3,so I can
242910ff98,Thank the and
60e5c2c335,bored me a
72b5155719,though should Tickets
bbfe533366,my dying In
4cb0ab19ed,Good the I
58e2a00ab8,good not thats
0a0e2a4f78,Thanks love they
975554343f,noticed just that
c7be378db2,now of the
87737f8e62,hate i when
558fe1316b,brake wrrkk a
a6687519e2,followers u only
91f8e27d4c,can you thanks
9a10e4813f,go on Whered
2b31cedc6d,munchin faves woohoo
db783cf66a,no the cancelled
036cd6abb0,must youuuu hurt
e965e50c60,the greatest to
b1c36b70a4,have but use
4d2de9d1af,and best I
0c2e7ab834,HAPPY of lol
0bb5b4d19c,I what to
e5f0e6ef4b,cant tired im
416863ce47,kiss your Thanks
6332da480c,know to what
df1baec676,love _sutra I
469e15c5a8,cute 4woj2 http
